timestamp, left_position_ticks, right_position_ticks, left_distance, right_distance, left_current, right_current, left_velocity_ticks_per_100ms, right_velocity_ticks_per_100ms, gyro_heading, error, left_demand, right_demand, left_accel, right_accel, left_feedforward, right_feedforward, path_setpoint
18.938787, 0, 0, 0.0, 0.0, 0.0, 0.0, 0, 0, 0.000, 0.000,0.000,0.000, 0.05, 0.05, 0.0, 0.0, 0.0, 0.0, 0.000,0.000,0.000,0.000,0.000,0.000,0.000,0.000
19.004312, 0, 0, 0.0, 0.0, 0.0, 0.0, 0, 0, 0.000, 0.000,0.000,0.000, 0.0, 0.0, 13.796796759881554, 13.796796759881554, 0.0, 0.0, 0.000,0.000,0.000,0.000,0.000,0.000,0.000,120.000
19.037666, 0, 0, 0.0, 0.0, 0.0, 0.0, 0, 0, 0.000, 0.154,0.000,0.000, 703.9206418347043, 703.9206418347043, 13.796796759881554, 13.796796759881554, 0.14351578118304195, 0.14351578118304195, 0.154,0.000,0.000,0.000,0.000,0.051,6.075,120.000
19.044601, 0, 7, 0.0, 0.00608836974711811, 0.0, 0.46, 0, 6, 0.000, 0.218,0.000,0.000, 841.6445267002648, 841.6445267002648, 13.796796759881554, 13.796796759881554, 0.15106105571969639, 0.15106105571969639, 0.218,0.000,0.000,0.000,0.000,0.060,7.241,120.000
19.05167, 56, 83, 0.04870695797694488, 0.07219066985868616, 0.0, 0.46, 82, 140, 0.000, 0.264,0.000,0.000, 932.6166396449049, 932.6166396449049, 13.796796759881554, 13.796796759881554, 0.1557772210804081, 0.1557772210804081, 0.267,0.000,0.000,0.000,0.000,0.067,8.005,120.000
19.056286, 56, 83, 0.04870695797694488, 0.07219066985868616, 0.0, 0.46, 82, 140, 0.000, 0.244,0.000,0.000, 995.3502251466236, 995.3502251466236, 13.796796759881554, 13.796796759881554, 0.15725171124868867, 0.15725171124868867, 0.305,0.000,0.000,0.000,0.000,0.071,8.552,120.000
19.060203, 232, 248, 0.2017859687616288, 0.21570224246932732, 0.0, 0.46, 434, 468, 0.000, 0.285,0.000,0.000, 1062.5144856708873, 1062.5144856708873, 13.796796759881554, 13.796796759881554, 0.1625547589689196, 0.1625547589689196, 0.346,0.000,0.000,0.000,0.000,0.076,9.111,120.000
19.065927, 313, 337, 0.2722371044068526, 0.29311151496840043, 0.0, 0.46, 604, 652, 0.000, 0.188,0.000,0.000, 1132.0725390011394, 1132.0725390011394, 13.796796759881554, 13.796796759881554, 0.1614422992829279, 0.1614422992829279, 0.396,0.000,0.000,0.000,0.000,0.081,9.754,120.000
19.069841, 313, 337, 0.2722371044068526, 0.29311151496840043, 0.0, 0.46, 604, 652, 0.000, 0.156,0.000,0.000, 1188.688274919354, 1188.688274919354, 13.796796759881554, 13.796796759881554, 0.16575454242198182, 0.16575454242198182, 0.438,0.000,0.000,0.000,0.000,0.085,10.258,120.000
19.082755, 540, 550, 0.4696742376348256, 0.4783719087021372, 0.0, 0.46, 1058, 1084, 0.000, 0.285,0.000,0.000, 1361.5601294845153, 1361.5601294845153, 13.796796759881554, 13.796796759881554, 0.17773677932867762, 0.17773677932867762, 0.568,0.000,0.000,0.000,0.000,0.097,11.675,120.000
19.095348, 640, 659, 0.5566509483079414, 0.5731765233358335, 34.37, 38.87, 1262, 1290, 0.044, 0.195,0.000,0.000, 1471.3969054684437, 1471.3969054684437, 13.796796759881554, 13.796796759881554, 0.1786431323894396, 0.1786431323894396, 0.669,0.000,0.000,0.000,0.000,0.106,12.673,120.000
19.099645, 697, 659, 0.6062276733916174, 0.5731765233358335, 34.37, 38.87, 1296, 1290, 0.044, 0.235,-0.000,-0.044, 1612.8994668534372, 1610.9703356116083, 13.796796759881554, 13.796796759881554, 0.18956017774548015, 0.18785122477850769, 0.800,0.000,0.000,0.000,0.000,0.115,13.856,120.000
19.111894, 871, 1036, 0.757567149962839, 0.9010787225734802, 34.37, 38.87, 1276, 1382, 0.088, 0.388,-0.000,-0.044, 1796.809346897245, 1794.6668087546855, 13.796796759881554, 13.796796759881554, 0.2002707964666416, 0.20000299439293232, 0.978,0.000,0.000,0.000,0.000,0.128,15.320,120.000
19.124968, 1186, 1282, 1.031543788583154, 1.1150414308293453, 34.37, 38.87, 1492, 1642, 0.176, 0.294,-0.001,-0.088, 1917.7772976049152, 1913.1792557921913, 13.796796759881554, 13.796796759881554, 0.2010902639086883, 0.19863274080323534, 1.123,0.000,0.000,0.000,0.000,0.137,16.418,120.000
19.131631, 1296, 1510, 1.1272181703235815, 1.3133483311640495, 34.37, 38.87, 1602, 1900, 0.176, 0.225,-0.002,-0.176, 2057.124683990019, 2047.2368011023748, 13.796796759881554, 13.796796759881554, 0.20958849525058973, 0.20480882372165654, 1.298,0.000,0.000,0.000,0.000,0.147,17.650,120.000
19.135978, 1296, 1510, 1.1272181703235815, 1.3133483311640495, 34.37, 38.87, 1602, 1900, 0.220, 0.159,-0.002,-0.176, 2113.5229165338556, 2103.309757271147, 13.796796759881554, 13.796796759881554, 0.20778736844223, 0.20660513898236257, 1.379,0.000,0.000,0.000,0.000,0.152,18.193,120.000
19.140672, 1543, 1633, 1.3420506456861776, 1.420329685291982, 34.37, 38.87, 1884, 2036, 0.220, 0.248,-0.002,-0.220, 2192.0823392264556, 2178.907309297873, 13.796796759881554, 13.796796759881554, 0.22452571754024886, 0.21876883478702291, 1.469,0.000,0.000,0.000,0.000,0.156,18.774,120.000
19.147688, 1796, 1908, 1.5621017236891608, 1.6595156396430506, 56.49, 51.9, 2178, 2336, 0.264, 0.205,-0.003,-0.220, 2273.5942528562427, 2259.859494646222, 13.796796759881554, 13.796796759881554, 0.2179907767548178, 0.21644815519278615, 1.587,0.000,0.000,0.000,0.000,0.163,19.514,120.000
19.151378, 1796, 1908, 1.5621017236891608, 1.6595156396430506, 56.49, 51.9, 2178, 2336, 0.264, 0.064,-0.003,-0.264, 2321.3176632766076, 2304.3883428938825, 13.796796759881554, 13.796796759881554, 0.21399080810024063, 0.20718843134900292, 1.675,0.000,0.000,0.000,0.000,0.167,20.052,120.000
19.154895, 1796, 1908, 1.5621017236891608, 1.6595156396430506, 56.49, 51.9, 2178, 2336, 0.264, 0.138,-0.004,-0.264, 2380.3301015791735, 2363.0019264195553, 13.796796759881554, 13.796796759881554, 0.23265825948311988, 0.23074834589838378, 1.749,0.000,0.000,0.000,0.000,0.171,20.486,120.000
19.159315, 1796, 1908, 1.5621017236891608, 1.6595156396430506, 56.49, 51.9, 2178, 2336, 0.264, 0.229,-0.004,-0.264, 2452.975321390851, 2435.158488183517, 13.796796759881554, 13.796796759881554, 0.23671823755157942, 0.2347746540285963, 1.840,0.000,0.000,0.000,0.000,0.175,21.015,120.000
19.167953, 2364, 2477, 2.056129440312459, 2.1544131233730797, 56.49, 51.9, 2526, 2630, 0.264, 0.414,-0.005,-0.264, 2596.3860328020073, 2577.612012480592, 13.796796759881556, 13.796796759881556, 0.244570716615388, 0.24256268268121417, 2.024,0.000,0.000,0.000,0.000,0.184,22.043,120.000
19.171729, 2364, 2477, 2.056129440312459, 2.1544131233730797, 56.49, 51.9, 2526, 2630, 0.264, 0.006,-0.005,-0.264, 2598.1475525401506, 2578.935575987018, 13.796796759881556, 13.796796759881556, 0.1946485633033407, 0.19260647337739534, 2.111,0.000,0.000,0.000,0.000,0.188,22.508,120.000
19.176028, 2525, 2631, 2.1961619444961755, 2.288357257809678, 56.49, 51.9, 2660, 2686, 0.264, 0.088,-0.006,-0.264, 2659.1219252919705, 2639.4996834542535, 13.796796759881556, 13.796796759881556, 0.2479830239505747, 0.24591172081871812, 2.193,0.000,0.000,0.000,0.000,0.191,22.942,120.000
19.179437, 2525, 2631, 2.1961619444961755, 2.288357257809678, 56.49, 51.9, 2660, 2686, 0.308, 0.047,-0.006,-0.264, 2711.379386344509, 2691.2829686875343, 13.796796759881556, 13.796796759881556, 0.23737742757839234, 0.2352728768496183, 2.289,0.000,0.000,0.000,0.000,0.195,23.440,120.000
19.185012, 2823, 2938, 2.4553525423020606, 2.5553757595761435, 56.49, 51.9, 2800, 2846, 0.308, 0.166,-0.007,-0.308, 2799.472023312192, 2775.4594004684054, 13.796796759881556, 13.796796759881556, 0.25849445644423724, 0.25074050545568216, 2.409,0.000,0.000,0.000,0.000,0.200,24.044,120.000
19.194266, 3148, 3196, 2.7380268519896873, 2.7797756731127823, 37.68, 31.48, 2954, 2850, 0.352, 0.003,-0.007,-0.308, 2833.885162961336, 2809.318214673138, 13.796796759881556, 13.796796759881556, 0.23043296422062767, 0.22790076047518873, 2.509,0.000,0.000,0.000,0.000,0.204,24.538,120.000
19.204346, 3458, 3552, 3.0076546550763466, 3.089412763109075, 37.68, 31.48, 3062, 3000, 0.396, 0.008,-0.009,-0.352, 2978.5913542985527, 2949.052477057507, 13.796796759881556, 13.796796759881556, 0.2560072674114718, 0.25032976727207973, 2.767,0.000,0.000,0.000,0.000,0.215,25.769,120.000
19.214252, 3770, 3872, 3.279021992376468, 3.3677382372630458, 37.68, 31.48, 3110, 3080, 0.396, -0.033,-0.010,-0.396, 3105.290019227793, 3070.53166396372, 13.796796759881556, 13.796796759881556, 0.2602135612867691, 0.2536797614689454, 3.016,0.000,0.000,0.000,0.000,0.224,26.903,120.000
19.226572, 4117, 4386, 3.58083117841218, 3.8147985301228613, 37.68, 31.48, 3174, 3192, 0.352, -0.022,-0.012,-0.396, 3250.7582666014764, 3214.1358815413564, 13.796796759881556, 13.796796759881556, 0.2682533014358727, 0.2646493619267825, 3.301,0.000,0.000,0.000,0.000,0.235,28.147,120.000
19.234396, 4487, 4568, 3.902645007902709, 3.973096143547932, 37.68, 31.48, 3320, 3246, 0.352, -0.064,-0.015,-0.352, 3402.012372308488, 3367.3669250603352, 13.796796759881556, 13.796796759881556, 0.2718131617658801, 0.27118662040668323, 3.634,0.000,0.000,0.000,0.000,0.246,29.534,120.000
19.244312, 4672, 4932, 4.0635519226479735, 4.2896913703980735, 38.88, 35.65, 3380, 3468, 0.352, -0.042,-0.016,-0.352, 3525.979973021137, 3489.884652104177, 13.796796759881556, 13.796796759881556, 0.28231227333177206, 0.27884453638852436, 3.896,0.000,0.000,0.000,0.000,0.255,30.577,120.000
19.254833, 5237, 5310, 4.554970337951078, 4.618463336742451, 38.88, 35.65, 3548, 3512, 0.352, 0.011,-0.018,-0.352, 3665.982456302531, 3628.29307933865, 13.79679675988155, 13.79679675988155, 0.2910800620233927, 0.2874962285593418, 4.188,0.000,0.000,0.000,0.000,0.264,31.704,120.000
19.264258, 5582, 5712, 4.855039989773328, 4.968109713648377, 38.88, 35.65, 3616, 3674, 0.352, -0.054,-0.020,-0.352, 3801.763981250607, 3762.2298461656274, 13.79679675988155, 13.79679675988155, 0.29102372008116256, 0.28730567445661986, 4.533,0.000,0.000,0.000,0.000,0.275,32.984,120.000
19.274361, 6045, 6138, 5.257742160189855, 5.33863050111585, 38.88, 35.65, 3842, 3838, 0.352, -0.077,-0.022,-0.352, 3921.6266796546015, 3880.5082438202458, 13.79679675988155, 13.79679675988155, 0.2987183509915379, 0.2948808788586088, 4.835,0.000,0.000,0.000,0.000,0.284,34.063,120.000
19.284244, 6264, 6350, 5.448221156563978, 5.523021127742856, 38.88, 35.65, 3932, 3918, 0.352, -0.072,-0.024,-0.352, 4078.546248299902, 4035.401699357116, 13.79679675988155, 13.79679675988155, 0.30816843764653545, 0.30418388135054314, 5.226,0.000,0.000,0.000,0.000,0.295,35.415,120.000
19.294243, 6928, 7016, 6.025746515433467, 6.102286020825808, 45.47, 41.17, 4144, 4152, 0.352, 0.056,-0.026,-0.352, 4226.825549968235, 4182.072960751845, 13.79679675988155, 13.79679675988155, 0.3245525479148976, 0.32044465328330984, 5.541,0.000,0.000,0.000,0.000,0.304,36.468,120.000
19.304324, 7375, 7483, 6.414532412142295, 6.508467259669259, 45.47, 41.17, 4262, 4332, 0.352, -0.107,-0.029,-0.352, 4347.379353435732, 4300.530598878561, 13.79679675988155, 13.79679675988155, 0.311564541976657, 0.30730387974906076, 5.957,0.000,0.000,0.000,0.000,0.315,37.812,120.000
19.314216, 7861, 7966, 6.837239226013638, 6.928564772220408, 45.47, 41.17, 4538, 4486, 0.396, -0.152,-0.031,-0.352, 4464.212018661056, 4415.608017257166, 13.796796759881554, 13.796796759881554, 0.32325607889032, 0.318860917618307, 6.310,0.000,0.000,0.000,0.000,0.324,38.915,120.000
19.324292, 8376, 8486, 7.285169285980185, 7.380843667720611, 45.47, 41.17, 4648, 4678, 0.396, -0.153,-0.034,-0.396, 4613.10571345662, 4556.867299240227, 13.796796759881554, 13.796796759881554, 0.33586675634712543, 0.3267207497726415, 6.730,0.000,0.000,0.000,0.000,0.335,40.189,120.000
19.334295, 8922, 9026, 7.760062126255398, 7.850517905355437, 45.47, 41.17, 4876, 4906, 0.439, -0.226,-0.036,-0.396, 4723.53843704856, 4665.247460064851, 13.796796759881554, 13.796796759881554, 0.3335507462954106, 0.3283405986173606, 7.107,0.000,0.000,0.000,0.000,0.344,41.301,120.000
19.344382, 9470, 9565, 8.236694500744072, 8.319322375883532, 34.63, 28.68, 5072, 5082, 0.439, -0.254,-0.039,-0.439, 4865.051292478421, 4798.482366525229, 13.796796759881554, 13.796796759881554, 0.3463197251489693, 0.3360554855896473, 7.551,0.000,0.000,0.000,0.000,0.355,42.571,120.000
19.354507, 10026, 10104, 8.720285012086595, 8.788126846411627, 34.63, 28.68, 5286, 5234, 0.439, -0.327,-0.042,-0.439, 4974.311441837382, 4905.381076449056, 13.796796759881554, 13.796796759881554, 0.34540537618385025, 0.3393064459757839, 7.951,0.000,0.000,0.000,0.000,0.364,43.684,120.000
19.364325, 10586, 10672, 9.207354591856044, 9.282154563034926, 34.63, 28.68, 5444, 5400, 0.439, -0.295,-0.046,-0.439, 5139.596228481462, 5067.68459013297, 13.796796759881554, 13.796796759881554, 0.3616100423859004, 0.35528984472478214, 8.460,0.000,0.000,0.000,0.000,0.375,45.059,120.000
19.37426, 11155, 11232, 9.702252075586072, 9.769224142804374, 34.63, 28.68, 5558, 5488, 0.439, -0.410,-0.049,-0.439, 5221.732506019965, 5147.632731212694, 13.796796759881554, 13.796796759881554, 0.3519795050110784, 0.34548553948592703, 8.835,0.000,0.000,0.000,0.000,0.384,46.047,120.000
19.384361, 11725, 11808, 10.198019326422832, 10.27020999628152, 34.63, 28.68, 5600, 5558, 0.439, -0.368,-0.053,-0.439, 5389.019943297623, 5311.820134033865, 13.796796759881554, 13.796796759881554, 0.37449411366754465, 0.3677719905329544, 9.368,0.000,0.000,0.000,0.000,0.395,47.416,120.000
19.394291, 12022, 12072, 10.456340157121986, 10.499828512458546, 34.63, 28.68, 5632, 5562, 0.439, -0.445,-0.056,-0.439, 5487.748751181364, 5408.106558173574, 13.796796759881554, 13.796796759881554, 0.3687879484398681, 0.3618735012907806, 9.789,0.000,0.000,0.000,0.000,0.404,48.471,120.000
19.404276, 12907, 12943, 11.22608404657906, 11.257395662421384, 21.42, 20.98, 5760, 5654, 0.439, -0.121,-0.061,-0.439, 5738.7819469489705, 5655.85575144411, 13.796796759881568, 13.796796759881568, 0.4131915643966451, 0.40603395854591384, 10.358,0.000,0.000,0.000,0.000,0.415,49.858,120.000
19.414295, 13515, 13553, 11.754902447471606, 11.787953597527391, 21.42, 20.98, 5846, 5764, 0.439, -0.463,-0.064,-0.439, 5754.035535166787, 5668.679572846861, 13.796796759881568, 13.796796759881568, 0.3529256583852527, 0.3455746372184052, 10.779,0.000,0.000,0.000,0.000,0.424,50.862,120.000
19.424356, 14108, 14173, 12.270674341763183, 12.32720920370071, 21.42, 20.98, 5900, 5874, 0.439, -0.390,-0.069,-0.439, 5935.197676060083, 5846.372024697753, 13.796796759881568, 13.796796759881568, 0.40373482671445377, 0.39612805119500694, 11.381,0.000,0.000,0.000,0.000,0.436,52.264,120.000
19.43431, 14715, 14786, 12.798622975548996, 12.86037644012691, 21.42, 20.98, 5972, 5950, 0.396, -0.463,-0.072,-0.439, 6030.467032378749, 5939.02608069752, 13.796796759881568, 13.796796759881568, 0.3947663801513848, 0.3869518544255616, 11.836,0.000,0.000,0.000,0.000,0.444,53.297,120.000
19.444281, 15349, 15428, 13.350055321216551, 13.418766922648313, 28.75, 29.64, 6058, 6228, 0.396, -0.376,-0.077,-0.396, 6210.675986977588, 6123.213153313284, 13.796796759881554, 13.796796759881554, 0.4161618973740003, 0.4138898340244936, 12.454,0.000,0.000,0.000,0.000,0.456,54.672,120.000
19.454349, 16008, 16062, 13.923231844552385, 13.970199268315868, 28.75, 29.64, 6186, 6248, 0.439, -0.487,-0.080,-0.396, 6284.713349797725, 6194.920417254619, 13.796796759881554, 13.796796759881554, 0.4013928055076208, 0.3937869972759683, 12.898,0.000,0.000,0.000,0.000,0.464,55.636,120.000
19.46425, 16679, 16754, 14.506845573168992, 14.57207810617383, 28.75, 29.64, 6324, 6386, 0.439, -0.374,-0.085,-0.439, 6489.151328927619, 6387.934562543931, 13.796796759881554, 13.796796759881554, 0.43711499083063815, 0.4234351533899125, 13.573,0.000,0.000,0.000,0.000,0.476,57.075,120.000
19.474826, 17370, 17430, 15.107854643920222, 15.160040670324094, 28.75, 29.64, 6510, 6502, 0.439, -0.492,-0.088,-0.439, 6562.24979945677, 6458.3032840913675, 13.796796759881554, 13.796796759881554, 0.4140099276045491, 0.40524000405442256, 14.047,0.000,0.000,0.000,0.000,0.484,58.064,120.000
19.484336, 18078, 18130, 15.723649755485882, 15.768877645035904, 28.75, 29.64, 6712, 6678, 0.439, -0.436,-0.093,-0.439, 6732.676215921366, 6624.977015075553, 13.796796759881554, 13.796796759881554, 0.4422705727378012, 0.4332230801470515, 14.698,0.000,0.000,0.000,0.000,0.495,59.394,120.000
19.494311, 18785, 18841, 16.338575099944812, 16.38728205792176, 34.69, 31.52, 6866, 6810, 0.439, -0.522,-0.097,-0.439, 6822.465990352799, 6711.729101524356, 13.796796759881554, 13.796796759881554, 0.4308798549988431, 0.42159372548183144, 15.224,0.000,0.000,0.000,0.000,0.504,60.447,120.000
19.5044, 19513, 19566, 16.971765553645096, 17.017863210301847, 34.69, 31.52, 7000, 6996, 0.483, -0.453,-0.103,-0.439, 6999.97172660363, 6885.264278706121, 13.796796759881554, 13.796796759881554, 0.45668308436204197, 0.4471021494919622, 15.910,0.000,0.000,0.000,0.000,0.515,61.794,120.000
19.514269, 20239, 20294, 17.603216473131916, 17.65105366400213, 34.69, 31.52, 7112, 7074, 0.483, -0.488,-0.107,-0.483, 7122.378436035379, 6995.54316358192, 13.796796759881541, 13.796796759881541, 0.45571300334059095, 0.43797676164392696, 16.508,0.000,0.000,0.000,0.000,0.525,62.943,120.000
19.527702, 20994, 21428, 18.25989063871394, 18.637369563035264, 34.69, 31.52, 7236, 7294, 0.483, -0.498,-0.112,-0.483, 7252.318467706672, 7121.5592764235935, 13.796796759881541, 13.796796759881541, 0.461327382866896, 0.45042667879324316, 17.130,0.000,0.000,0.000,0.000,0.534,64.118,120.000
19.534356, 21774, 21801, 18.938308981964244, 18.961792693845986, 34.69, 31.52, 7386, 7332, 0.483, -0.431,-0.120,-0.483, 7464.665849037554, 7328.278532685981, 13.796796759881579, 13.796796759881579, 0.47859687984318294, 0.46728125740762905, 18.018,0.000,0.000,0.000,0.000,0.548,65.760,120.000
19.544279, 22559, 22563, 19.621076160748203, 19.62455522917513, 35.35, 30.240000000000002, 7534, 7438, 0.483, -0.445,-0.124,-0.483, 7560.00626362183, 7420.5212179505415, 13.796796759881579, 13.796796759881579, 0.4754087850648195, 0.46383340616706753, 18.505,0.000,0.000,0.000,0.000,0.555,66.643,120.000
19.554239, 23355, 23356, 20.313410777706206, 20.314280544812938, 35.35, 30.240000000000002, 7672, 7568, 0.483, -0.551,-0.129,-0.483, 7634.444581639531, 7491.340816475205, 13.796796759881579, 13.796796759881579, 0.4663445982346785, 0.454497635645432, 19.072,0.000,0.000,0.000,0.000,0.564,67.656,120.000
19.568302, 24569, 24547, 21.369308045277833, 21.350173168929746, 35.35, 30.240000000000002, 7898, 7744, 0.527, 0.136,-0.140,-0.483, 8185.378954317859, 8033.431363587292, 13.796796759881579, 13.796796759881579, 0.5506271302366759, 0.5381529607917782, 20.450,0.000,0.000,0.000,0.000,0.584,70.057,120.000
19.574271, 24981, 24947, 21.72765209325107, 21.69808001162221, 35.35, 30.240000000000002, 7956, 7784, 0.527, -0.541,-0.143,-0.527, 7987.933927731994, 7823.833000683595, 13.796796759881579, 13.796796759881579, 0.3460640185551383, 0.3176130476244276, 20.820,0.000,0.000,0.000,0.000,0.589,70.688,120.000
19.584325, 25836, 25746, 22.471302969506212, 22.393023929900405, 35.35, 30.240000000000002, 8108, 7888, 0.571, -0.508,-0.147,-0.527, 8075.800735402122, 7909.013385521325, 13.796796759881579, 13.796796759881579, 0.510621318331792, 0.49685539390436345, 21.206,0.000,0.000,0.000,0.000,0.595,71.340,120.000
19.594295, 26728, 26374, 23.247135228710405, 22.93923767292757, 38.34, 27.76, 8326, 7646, 0.571, -0.517,-0.153,-0.571, 8211.886588879968, 8030.154852173885, 13.796796759881579, 13.796796759881579, 0.5126155352040453, 0.4896560300769688, 21.916,0.000,0.000,0.000,0.000,0.604,72.524,120.000
19.60427, 27588, 27216, 23.995134940499202, 23.67158157679521, 38.34, 27.76, 8464, 7694, 0.571, -0.392,-0.161,-0.571, 8412.992796033233, 8225.349980733687, 13.796796759881579, 13.796796759881579, 0.5350320578310463, 0.5195959710884921, 22.703,0.000,0.000,0.000,0.000,0.615,73.815,120.000
19.614233, 28475, 28196, 24.76661836416974, 24.523953341391746, 38.34, 27.76, 8616, 8070, 0.527, -0.477,-0.168,-0.571, 8497.624116239076, 8305.033982125042, 13.796796759881579, 13.796796759881579, 0.5112981330604625, 0.4954756476173397, 23.357,0.000,0.000,0.000,0.000,0.624,74.872,120.000
19.624363, 28914, 28685, 25.14844612402472, 24.94926945658328, 38.34, 27.76, 8688, 8254, 0.527, -0.388,-0.177,-0.527, 8695.723986937217, 8506.836331374763, 13.796796759881579, 13.796796759881579, 0.5401873403475613, 0.531696495737733, 24.258,0.000,0.000,0.000,0.000,0.636,76.302,120.000
19.6344, 29797, 29555, 25.91645047926833, 25.705966839439387, 38.34, 27.76, 8776, 8392, 0.439, -0.134,-0.183,-0.527, 8927.363408427274, 8733.76941242553, 13.796796759881579, 13.796796759881579, 0.5857004614640459, 0.569915761102442, 24.916,0.000,0.000,0.000,0.000,0.644,77.329,120.000
19.644356, 31215, 30892, 27.149780236613115, 26.868845461138946, 38.97, 33.09, 8948, 8994, 0.439, 0.068,-0.191,-0.439, 9180.948808370666, 9002.452803333663, 13.796796759881579, 13.796796759881579, 0.5734278810197307, 0.5729874293189737, 25.880,0.000,0.000,0.000,0.000,0.657,78.811,120.000
19.654325, 32181, 31335, 27.989975261715415, 27.254152289420848, 38.97, 33.09, 9176, 9142, 0.439, -0.552,-0.195,-0.439, 8998.133860711154, 8816.02082876514, 13.796796759881579, 13.796796759881579, 0.429039954410012, 0.4143667897126351, 26.458,0.000,0.000,0.000,0.000,0.664,79.686,120.000
19.664296, 33121, 32712, 28.807556342042705, 28.451821595389653, 38.97, 33.09, 9280, 9018, 0.439, -0.292,-0.202,-0.439, 9268.565038570034, 9080.963540553728, 13.796796759881579, 13.796796759881579, 0.5954412390637348, 0.5803722270898635, 27.331,0.000,0.000,0.000,0.000,0.675,80.990,120.000
19.674364, 33895, 33694, 29.480756082652622, 29.30593289419965, 38.97, 33.09, 9082, 9132, 0.308, -0.595,-0.207,-0.439, 9244.498456061618, 9052.445048660686, 13.796796759881579, 13.796796759881579, 0.5094359609898257, 0.4940249110882697, 28.035,0.000,0.000,0.000,0.000,0.684,82.027,120.000
19.684362, 34845, 34667, 30.307034834047222, 30.15221628904907, 38.97, 33.09, 9154, 9332, 0.176, -0.455,-0.214,-0.308, 9443.729463281345, 9280.433119516942, 13.796796759881579, 13.796796759881579, 0.5754773122974742, 0.5874287478760911, 28.938,0.000,0.000,0.000,0.000,0.694,83.338,120.000
19.694238, 35944, 35627, 31.262908884344764, 30.987192711510982, 45.74, 35.47, 9460, 9452, 0.132, -0.496,-0.219,-0.176, 9536.15878432416, 9403.927351604008, 13.796796759881579, 13.796796759881579, 0.5521254474194767, 0.5711502927383353, 29.733,0.000,0.000,0.000,0.000,0.704,84.475,120.000
19.704333, 36952, 36619, 32.139634127929774, 31.850001681388292, 45.74, 35.47, 9536, 9680, 0.220, -0.493,-0.222,-0.132, 9675.529981863963, 9552.060408966108, 13.796796759881554, 13.796796759881554, 0.5756533273084058, 0.5752161202265748, 30.632,0.000,0.000,0.000,0.000,0.715,85.742,120.000
19.714244, 37959, 37617, 33.01548960440805, 32.71802925390599, 45.74, 35.47, 9662, 9820, 0.264, -0.595,-0.223,-0.220, 9757.038302321771, 9607.42023396431, 13.796796759881554, 13.796796759881554, 0.5769271924028813, 0.5442303799967267, 31.400,0.000,0.000,0.000,0.000,0.723,86.810,120.000
19.724377, 38964, 38618, 33.88960554667287, 33.58866612774388, 45.74, 35.47, 10114, 9848, 0.308, -0.489,-0.227,-0.264, 9968.333944055339, 9802.70802900177, 13.796796759881527, 13.796796759881527, 0.6133536780362765, 0.5920015251687404, 32.378,0.000,0.000,0.000,0.000,0.735,88.151,120.000
19.735911, 39993, 39630, 34.78459589949923, 34.46887043975581, 45.74, 35.47, 10308, 9922, 0.308, -0.533,-0.231,-0.308, 10079.56827569688, 9897.950980692645, 13.796796759881527, 13.796796759881527, 0.5980541744828513, 0.5734947482017955, 33.207,0.000,0.000,0.000,0.000,0.744,89.273,120.000
19.744403, 41032, 40669, 35.6882839233929, 35.37255846364948, 38.660000000000004, 32.56, 10178, 10084, 0.308, -0.288,-0.237,-0.308, 10379.730572466859, 10192.490489746735, 13.796796759881579, 13.796796759881579, 0.6461411668328859, 0.6315662056052594, 34.339,0.000,0.000,0.000,0.000,0.757,90.782,120.000
19.755047, 42104, 41724, 36.6206742618087, 36.290162761250855, 38.660000000000004, 32.56, 10280, 10194, 0.308, -0.561,-0.240,-0.308, 10330.929153466968, 10140.541455416298, 13.796796759881579, 13.796796759881579, 0.5489529225005364, 0.5341298883864861, 34.970,0.000,0.000,0.000,0.000,0.763,91.612,120.000
19.764296, 43140, 42810, 37.52175298438218, 37.23472983916089, 38.660000000000004, 32.56, 10356, 10364, 0.308, -0.450,-0.246,-0.308, 10543.499947611755, 10347.923131029567, 13.796796759881607, 13.796796759881607, 0.6390713536655811, 0.6238847545464621, 36.006,0.000,0.000,0.000,0.000,0.775,92.959,120.000
19.774473, 44202, 43849, 38.44544565173067, 38.13841786305456, 38.660000000000004, 32.56, 10470, 10462, 0.308, -0.513,-0.250,-0.308, 10635.516351832755, 10435.609219679625, 13.796796759881607, 13.796796759881607, 0.6161698525140479, 0.6006613764328271, 36.866,0.000,0.000,0.000,0.000,0.784,94.063,120.000
19.784354, 45260, 44933, 39.365659250652236, 39.08124540675114, 38.660000000000004, 32.56, 10540, 10594, 0.308, -0.258,-0.257,-0.308, 10944.779980763555, 10738.958581972383, 13.796796759881554, 13.796796759881554, 0.6775382794258874, 0.6616107236679253, 38.034,0.000,0.000,0.000,0.000,0.796,95.541,120.000
19.794295, 46386, 45994, 40.34501701283152, 40.0040683069929, 35.75, 36.62, 10690, 10630, 0.308, -0.541,-0.260,-0.308, 10881.131758457823, 10672.009331267753, 13.796796759881554, 13.796796759881554, 0.5686255750911128, 0.552439028008802, 38.683,0.000,0.000,0.000,0.000,0.803,96.353,120.000
19.804342, 47484, 46901, 41.30002129602233, 40.79294707279806, 35.75, 36.62, 10748, 10376, 0.308, -0.448,-0.266,-0.308, 11080.905091620933, 10866.44714600117, 13.796796759881554, 13.796796759881554, 0.6641731224516257, 0.6476134914773757, 39.727,0.000,0.000,0.000,0.000,0.814,97.645,120.000
19.814286, 48619, 47930, 42.287206962162195, 41.68793742562442, 35.75, 36.62, 10946, 10222, 0.352, -0.395,-0.271,-0.308, 11239.992254391283, 11020.78801126525, 13.796796759881554, 13.796796759881554, 0.6668851509649577, 0.6499767239959215, 40.651,0.000,0.000,0.000,0.000,0.823,98.774,120.000
19.824251, 49793, 49205, 43.30831354546457, 42.796890486706644, 35.75, 36.62, 11166, 10664, 0.352, -0.357,-0.276,-0.352, 11405.012130270477, 11166.892817627655, 13.796796759881554, 13.796796759881554, 0.6780650908036461, 0.6485197529041834, 41.631,0.000,0.000,0.000,0.000,0.833,99.958,120.000
19.834368, 50995, 50438, 44.35377360775542, 43.869313329306166, 35.75, 36.62, 11444, 11002, 0.308, -0.389,-0.282,-0.352, 11528.29601903012, 11284.275355909342, 13.796796759881554, 13.796796759881554, 0.6661511354351993, 0.647221381228288, 42.664,0.000,0.000,0.000,0.000,0.843,101.190,120.000
19.844385, 52167, 51612, 45.37314065684434, 44.89041991260855, 39.77, 52.82, 11566, 11234, 0.308, -0.325,-0.289,-0.308, 11711.919152837807, 11475.68442863031, 13.796796759881554, 13.796796759881554, 0.6860241565956104, 0.6779951067048153, 43.788,0.000,0.000,0.000,0.000,0.854,102.513,120.000
19.855556, 53402, 52801, 46.44730303365732, 45.9245730025119, 39.77, 52.82, 11832, 11766, 0.264, -0.433,-0.294,-0.308, 11769.485679653108, 11528.459204765333, 13.796796759881554, 13.796796759881554, 0.6608979960200765, 0.6424131611670914, 44.699,0.000,0.000,0.000,0.000,0.863,103.575,120.000
19.864328, 54658, 53995, 47.539730519711654, 46.9630749279489, 39.77, 52.82, 12052, 12128, 0.264, -0.342,-0.300,-0.264, 11968.994442078194, 11736.48538523653, 13.796796759881554, 13.796796759881554, 0.70294353689054, 0.6956964752983392, 45.845,0.000,0.000,0.000,0.000,0.874,104.894,120.000
19.875469, 55284, 54591, 48.08420472852536, 47.481456123560676, 39.77, 52.82, 12168, 12066, 0.264, -0.486,-0.304,-0.264, 12001.112278145434, 11764.203310020623, 13.796796759881554, 13.796796759881554, 0.6633539682702044, 0.645418206355156, 46.766,0.000,0.000,0.000,0.000,0.883,105.942,120.000
19.884262, 57165, 55196, 49.720236656286666, 48.007665223133024, 39.77, 52.82, 12324, 11996, 0.264, 0.175,-0.310,-0.264, 12564.885569677446, 12322.250676550271, 13.796796759881554, 13.796796759881554, 0.8340926375400096, 0.8157566623635053, 47.959,0.000,0.000,0.000,0.000,0.894,107.285,120.000
19.894327, 58426, 57692, 50.817012977874654, 50.178603921534, 38.76, 38.71, 12488, 12146, 0.264, 0.041,-0.314,-0.264, 12605.419880915126, 12358.217779264596, 13.796796759881554, 13.796796759881554, 0.6956786541811982, 0.6770092185945017, 48.906,0.000,0.000,0.000,0.000,0.903,108.339,120.000
19.904377, 59670, 58918, 51.899003258648214, 51.244938394386395, 38.76, 38.71, 12534, 12224, 0.220, -0.347,-0.320,-0.264, 12519.767004668936, 12266.530741241118, 13.796796759881607, 13.796796759881607, 0.6544030990450362, 0.6353130143821261, 50.151,0.000,0.000,0.000,0.000,0.914,109.710,120.000
19.914222, 60958, 60008, 53.01926329211795, 52.19298454072336, 38.76, 38.71, 12604, 12054, 0.176, -0.447,-0.324,-0.220, 12570.589798912513, 12327.955427913585, 13.796796759881607, 13.796796759881607, 0.6930719022908277, 0.6886950132010515, 51.125,0.000,0.000,0.000,0.000,0.923,110.770,120.000
19.924873, 62230, 61109, 54.12560705187998, 53.15059812523437, 38.76, 38.71, 12634, 11820, 0.132, -0.171,-0.329,-0.176, 12903.172250796819, 12670.487497877084, 13.796796759881607, 13.796796759881607, 0.7792670440325021, 0.7725933781267464, 52.435,0.000,0.000,0.000,0.000,0.935,112.180,120.000
19.934295, 63497, 62480, 55.22760197610836, 54.343048828562786, 38.76, 38.71, 12670, 12008, 0.132, -0.157,-0.332,-0.132, 13033.176691311433, 12812.307787230662, 13.796796759881607, 13.796796759881607, 0.7406129912831881, 0.7381153099576006, 53.481,0.000,0.000,0.000,0.000,0.944,113.293,120.000
19.944285, 64797, 63920, 56.35829921485887, 55.59551346225565, 33.87, 55.27, 12750, 12436, 0.088, -0.267,-0.334,-0.132, 13077.522095181583, 12853.421282777002, 11.689981302174523, 11.689981302174523, 0.7188462520828311, 0.7028741814606141, 54.518,0.000,0.000,0.000,0.000,0.953,114.304,101.676
19.954293, 66114, 65225, 57.5037824944238, 56.730559536539815, 33.87, 55.27, 12872, 12612, -0.044, -0.223,-0.337,-0.088, 13224.82088965807, 13013.162783422498, 11.689981302174523, 11.689981302174523, 0.7491792471352646, 0.7462616628317217, 55.754,0.000,0.000,0.000,0.000,0.964,115.398,101.676
19.964312, 67457, 66550, 58.67187971876375, 57.8830009529586, 33.87, 55.27, 12992, 13038, -0.088, -0.284,-0.338,0.044, 13248.392441862603, 13082.953681499068, 8.932932016121576, 8.932932016121576, 0.7061641821393302, 0.7370148678825359, 56.831,0.000,0.000,0.000,0.000,0.973,116.172,77.696
19.974312, 68810, 67859, 59.848674614171, 59.021526095669685, 33.87, 55.27, 13136, 13480, -0.132, -0.298,-0.337,0.088, 13317.704766628023, 13167.934164298593, 8.932932016121576, 8.932932016121576, 0.731892320673345, 0.736149337963433, 57.978,0.000,0.000,0.000,0.000,0.983,116.936,77.696
19.984299, 70167, 69173, 61.028948578005185, 60.16440007391443, 33.87, 55.27, 13330, 13406, -0.132, -0.269,-0.335,0.132, 13401.069707336495, 13267.855493254876, 7.187399060027815, 7.187399060027815, 0.7394035025483667, 0.7449768253348821, 59.164,0.000,0.000,0.000,0.000,0.993,117.571,62.514
19.994743, 71563, 70532, 62.243143459001885, 61.346413571962074, 48.6, 46.910000000000004, 13508, 13220, -0.132, -0.299,-0.332,0.132, 13445.369129478091, 13312.932442642366, 5.787833174282169, 5.787833174282169, 0.7343788203182154, 0.7273093588449607, 60.296,0.000,0.000,0.000,0.000,1.003,118.141,50.341
20.004354, 72962, 71919, 63.45994764131878, 62.55278054899819, 48.6, 46.910000000000004, 13678, 13356, -0.176, -0.253,-0.329,0.132, 13535.807527112946, 13404.348197223564, 5.787833174282169, 5.787833174282169, 0.7510118124627061, 0.7440984213062775, 61.540,0.000,0.000,0.000,0.000,1.013,118.670,50.341
20.014284, 74390, 73321, 64.70197506973088, 63.77219403263528, 48.6, 46.910000000000004, 13836, 13528, -0.176, -0.289,-0.326,0.176, 13552.520322685672, 13438.663321793447, 4.663994010219269, 4.663994010219269, 0.7262071248158531, 0.7340792100281637, 62.716,0.000,0.000,0.000,0.000,1.023,119.109,40.566
20.024338, 75809, 74737, 65.93617459418239, 65.00378425576659, 48.6, 46.910000000000004, 13998, 13752, -0.264, -0.328,-0.323,0.176, 13570.197525478323, 13457.972907711603, 4.663994010219269, 4.663994010219269, 0.7314190777994766, 0.7262029658759258, 63.907,0.000,0.000,0.000,0.000,1.033,119.514,40.566
20.034307, 77221, 76145, 67.16428574888678, 66.22841634204406, 48.6, 46.910000000000004, 14100, 13938, -0.264, -0.392,-0.319,0.264, 13545.257120964121, 13468.035092250491, 3.7604627627491305, 3.7604627627491305, 0.7080623394053945, 0.7327958210731819, 65.075,0.000,0.000,0.000,0.000,1.043,119.840,32.707
20.044346, 78626, 77554, 68.38630853384406, 67.45391819542826, 34.07, 38.29, 14134, 14044, -0.308, -0.395,-0.313,0.264, 13577.733623738593, 13503.435724474664, 3.0333321110848264, 3.0333321110848264, 0.7356245232780187, 0.7336273989649927, 66.299,0.000,0.000,0.000,0.000,1.053,120.157,26.383
20.054538, 80042, 78976, 69.61789875697538, 68.69072702119996, 34.07, 38.29, 14174, 14116, -0.352, -0.441,-0.308,0.308, 13564.498345140692, 13509.774290010473, 3.0333321110848264, 3.0333321110848264, 0.7166031309536912, 0.7297290507096518, 67.476,0.000,0.000,0.000,0.000,1.063,120.415,26.383
20.064294, 81453, 80394, 70.84514014457304, 69.92405677854474, 34.07, 38.29, 14142, 14142, -0.352, -0.367,-0.300,0.352, 13634.205624349179, 13600.07168325925, 2.447691412051648, 2.447691412051648, 0.7440109983928028, 0.7574993276110619, 68.784,0.000,0.000,0.000,0.000,1.074,120.669,21.289
20.074245, 82879, 81787, 72.08542803877167, 71.13564235822125, 34.07, 38.29, 14132, 14100, -0.352, -0.518,-0.294,0.352, 13548.65213335192, 13518.166974470907, 2.447691412051648, 2.447691412051648, 0.6945611649086767, 0.6961109399944575, 69.864,0.000,0.000,0.000,0.000,1.083,120.859,21.289
20.084339, 84271, 83215, 73.29614385134144, 72.37766978663335, 34.07, 38.29, 14098, 14154, -0.352, -0.434,-0.286,0.352, 13626.659635325937, 13600.62591569652, 1.9757006549289593, 1.9757006549289593, 0.7497738302318725, 0.7516070304257716, 71.174,0.000,0.000,0.000,0.000,1.094,121.050,17.184
20.094215, 85687, 84620, 74.52773407447276, 73.59969257159062, 19.31, 19.900000000000002, 14118, 14134, -0.352, -0.513,-0.279,0.352, 13586.36462057752, 13564.242175069372, 1.5951036684150255, 1.5951036684150255, 0.7126402293697701, 0.7147186001953821, 72.321,0.000,0.000,0.000,0.000,1.103,121.204,13.874
20.104407, 87105, 86035, 75.76106383181754, 74.83041302761521, 19.31, 19.900000000000002, 14098, 14128, -0.352, -0.432,-0.271,0.352, 13658.175719582676, 13640.531266648151, 1.5951036684150255, 1.5951036684150255, 0.749577368817358, 0.751933337406824, 73.629,0.000,0.000,0.000,0.000,1.114,121.353,13.874
20.115151, 87823, 86751, 76.38555661445051, 75.45316627603472, 19.31, 19.900000000000002, 14146, 14132, -0.352, -0.553,-0.264,0.352, 13583.128041446424, 13569.293561994336, 1.2880720809240314, 1.2880720809240314, 0.7003091601291951, 0.702900648704821, 74.739,0.000,0.000,0.000,0.000,1.123,121.464,11.203
20.125272, 89971, 88927, 78.25381635970903, 77.34577950028172, 19.31, 19.900000000000002, 14194, 14268, -0.352, 0.144,-0.256,0.352, 14084.910645268194, 14075.621117954692, 1.040300695654334, 1.040300695654334, 0.8914095635450798, 0.8942769339438245, 76.061,0.000,0.000,0.000,0.000,1.134,121.585,9.048
20.134713, 91396, 90388, 79.49323448680093, 78.61650924321594, 19.31, 19.900000000000002, 14250, 14328, -0.352, -0.448,-0.248,0.352, 13677.197262842441, 13672.348336439236, 1.040300695654334, 1.040300695654334, 0.6119141081911398, 0.6150510631954466, 77.349,0.000,0.000,0.000,0.000,1.144,121.680,9.048
20.144301, 92874, 91830, 80.77875027054958, 79.87071341112228, 13.620000000000001, 11.33, 14354, 14406, -0.352, -0.499,-0.240,0.352, 13647.946577076855, 13647.252157190178, 0.8402956881643502, 0.8402956881643502, 0.7194876393438195, 0.7228748863033007, 78.553,0.000,0.000,0.000,0.000,1.154,121.762,7.309
20.154236, 94358, 93230, 82.06948465693861, 81.08838736054591, 13.620000000000001, 11.33, 14508, 14364, -0.352, -0.709,-0.234,0.352, 13505.732935790391, 13508.703721436166, 0.8402956881643502, 0.8402956881643502, 0.6715263801898911, 0.6751336685098303, 79.613,0.000,0.000,0.000,0.000,1.163,121.826,7.309
20.169335, 96152, 95368, 83.62984684641431, 82.94794943473713, 13.620000000000001, 11.33, 13826, 14342, -0.308, 0.735,-0.217,0.352, 14533.45976980942, 14545.768165731739, 0.5484062044335628, 0.5484062044335628, 0.9139883320964016, 0.9181487211461673, 82.311,0.000,0.000,0.000,0.000,1.185,121.958,4.770
20.174281, 96801, 96064, 84.19432569868283, 83.553307341022, 13.620000000000001, 11.33, 13654, 14280, -0.308, -0.585,-0.215,0.308, 13612.862049576934, 13609.547918660339, 0.5484062044335628, 0.5484062044335628, -0.14061770337021634, -0.18056188854363273, 82.702,0.000,0.000,0.000,0.000,1.188,121.973,4.770
20.184369, 98242, 97428, 85.44766009948243, 84.7396696746033, 13.620000000000001, 11.33, 13666, 14094, -0.264, -0.603,-0.212,0.308, 13601.648126716264, 13600.049892932637, 0.5484062044335628, 0.5484062044335628, 0.7190440306111515, 0.7219635452015526, 83.268,0.000,0.000,0.000,0.000,1.193,121.995,4.770
20.194273, 99815, 98600, 86.81580375837055, 85.75903672369222, 27.93, -3.52, 13856, 13590, -0.264, -0.621,-0.206,0.264, 13600.009375888683, 13585.186126533794, 0.44308194235864845, 0.44308194235864845, 0.7302815480114648, 0.7184593293116593, 84.470,0.000,0.000,0.000,0.000,1.203,122.039,3.854
20.2044, 101375, 99769, 88.17264044487116, 86.77579447146094, 27.93, -3.52, 14040, 13154, -0.264, -0.610,-0.200,0.264, 13610.407199009636, 13598.708916382904, 0.44308194235864845, 0.44308194235864845, 0.7302901781769483, 0.7321901779165597, 85.675,0.000,0.000,0.000,0.000,1.213,122.077,3.854
20.215039, 102801, 101030, 89.4129283390698, 87.87257079304894, 27.93, -3.52, 14432, 12702, -0.264, -0.559,-0.194,0.264, 13648.879240817772, 13640.395422054251, 0.3580049208635444, 0.3580049208635444, 0.7405482064342834, 0.7426385360097102, 86.913,0.000,0.000,0.000,0.000,1.223,122.110,3.114
20.224244, 104142, 102568, 90.57928602919628, 89.21027260320146, 27.93, -3.52, 14692, 12966, -0.264, -0.398,-0.188,0.264, 13764.28834039353, 13759.257192687195, 0.2892762198736731, 0.2892762198736731, 0.7670302008927302, 0.7693243194099987, 88.242,0.000,0.000,0.000,0.000,1.234,122.143,2.516
20.234399, 105535, 104234, 91.79087160887279, 90.65930460301557, 27.93, -3.52, 14600, 13560, -0.264, -0.564,-0.183,0.264, 13648.511423945976, 13646.304066101726, 0.2892762198736731, 0.2892762198736731, 0.6889280490749988, 0.6913888842390578, 89.329,0.000,0.000,0.000,0.000,1.243,122.165,2.516
20.244354, 106931, 105915, 93.00506648986949, 92.12138310943065, 6.5600000000000005, 12.120000000000001, 14256, 14552, -0.264, -0.485,-0.177,0.264, 13705.505668242049, 13706.962761905645, 0.2337500206094457, 0.2337500206094457, 0.7467680538023683, 0.7494443593749268, 90.738,0.000,0.000,0.000,0.000,1.254,122.192,2.033
20.25481, 108459, 107411, 94.3340706289547, 93.42255470110047, 6.5600000000000005, 12.120000000000001, 14158, 15226, -0.264, -0.734,-0.172,0.264, 13529.58972003229, 13533.87733162425, 0.2337500206094457, 0.2337500206094457, 0.6624510616774023, 0.6652939402516633, 91.826,0.000,0.000,0.000,0.000,1.263,122.210,2.033
20.264354, 108459, 108087, 94.3340706289547, 94.01051726525073, 6.5600000000000005, 12.120000000000001, 14192, 15458, -0.264, -0.603,-0.165,0.264, 13622.505619869207, 13630.555318472694, 0.18888734183982334, 0.18888734183982334, 0.7516382570649197, 0.7547018294193334, 93.273,0.000,0.000,0.000,0.000,1.275,122.230,1.643
20.274765, 111370, 110025, 96.8659626766491, 95.69612591809572, 6.5600000000000005, 12.120000000000001, 14448, 14968, -0.264, 0.107,-0.160,0.264, 14124.664810716635, 14135.327836371687, 0.15263845812462173, 0.15263845812462173, 0.9394383737315817, 0.9426554447364914, 94.277,0.000,0.000,0.000,0.000,1.283,122.242,1.328
20.284319, 112837, 111393, 98.14191102222371, 96.88596732010394, 6.5600000000000005, 12.120000000000001, 14594, 14356, -0.264, -0.659,-0.154,0.264, 13583.322253047383, 13597.480628193453, 0.15263845812462173, 0.15263845812462173, 0.5744360910025055, 0.5778578714985217, 95.620,0.000,0.000,0.000,0.000,1.294,122.257,1.328
20.294524, 114169, 112899, 99.30044080838961, 98.19583658284107, 11.08, 2.74, 14506, 13974, -0.264, -0.832,-0.149,0.264, 13460.926972904597, 13477.844824680238, 0.12334828094018811, 0.12334828094018811, 0.6763470475140637, 0.6799305217351832, 96.680,0.000,0.000,0.000,0.000,1.303,122.267,1.073
20.304965, 115602, 114476, 100.54681707233536, 99.56745931015611, 11.08, 2.74, 14298, 14114, -0.308, -0.714,-0.143,0.264, 13543.898117176097, 13564.336199147121, 0.09968015620951938, 0.09968015620951938, 0.7466834386116193, 0.7504729552299448, 98.032,0.000,0.000,0.000,0.000,1.314,122.279,0.867
20.315144, 117054, 116052, 101.809718911309, 100.93821227036442, 11.08, 2.74, 14248, 14606, -0.308, -0.525,-0.136,0.308, 13667.93297016707, 13709.22991809717, 0.09968015620951938, 0.09968015620951938, 0.7571384401026893, 0.7734435958878261, 99.530,0.000,0.000,0.000,0.000,1.326,122.290,0.867
20.324376, 118509, 117435, 103.07523005160284, 102.14110017897362, 11.08, 2.74, 14260, 14822, -0.308, -0.866,-0.131,0.308, 13425.977206722466, 13470.238894713166, 0.08055445311290489, 0.08055445311290489, 0.6246524374672447, 0.6302668427432733, 100.505,0.000,0.000,0.000,0.000,1.334,122.296,0.701
20.334744, 119883, 118830, 104.27029005625145, 103.35442529286358, 11.08, 2.74, 14122, 14892, -0.308, -1.047,-0.125,0.308, 13297.40953025266, 13344.872874027196, 0.08055445311290489, 0.08055445311290489, 0.6656444494409922, 0.6714459344918932, 101.559,0.000,0.000,0.000,0.000,1.343,122.302,0.701
20.344371, 121247, 120123, 105.45665238983275, 104.47903416186696, 6.21, 5.01, 14156, 14492, -0.308, -0.860,-0.118,0.308, 13428.129245269907, 13479.819001860344, 0.06509904655903986, 0.06509904655903986, 0.753016308486279, 0.7590646633537285, 102.950,0.000,0.000,0.000,0.000,1.354,122.309,0.566
20.354448, 121951, 120793, 106.06896843297149, 105.06177812337684, 6.21, 5.01, 14146, 14228, -0.308, -0.939,-0.112,0.308, 13370.709809212556, 13425.668622495388, 0.052609372458098096, 0.052609372458098096, 0.6949209212579753, 0.7011603565581441, 104.026,0.000,0.000,0.000,0.000,1.363,122.314,0.458
20.364326, 123976, 122874, 107.83024682410209, 106.87176347248437, 6.21, 5.01, 13856, 13638, -0.308, -0.145,-0.105,0.308, 13931.350301618635, 13990.539993197639, 0.052609372458098096, 0.052609372458098096, 0.8932525892638618, 0.8997389490036878, 105.418,0.000,0.000,0.000,0.000,1.374,122.319,0.458
20.374274, 125400, 124402, 109.06879518408726, 108.20076761156959, 6.21, 5.01, 13786, 13902, -0.308, -0.900,-0.099,0.308, 13396.1389328107, 13458.459968392572, 0.04251619380812678, 0.04251619380812678, 0.5212503561102929, 0.5279196530659671, 106.449,0.000,0.000,0.000,0.000,1.383,122.322,0.370
20.384239, 126898, 125932, 110.37170630997053, 109.53151128486826, 6.21, 5.01, 14008, 14166, -0.308, -0.931,-0.092,0.308, 13372.416719812201, 13438.54302243434, 0.04251619380812678, 0.04251619380812678, 0.7078677647114092, 0.7147592201757877, 107.701,0.000,0.000,0.000,0.000,1.393,122.326,0.370
20.394231, 128283, 127194, 111.57633375279319, 110.62915737356298, 10.14, 13.85, 14054, 14192, -0.352, -1.031,-0.086,0.308, 13300.49333226393, 13370.318257811678, 0.03435958169033239, 0.03435958169033239, 0.6892901228409937, 0.6963974718495959, 108.919,0.000,0.000,0.000,0.000,1.403,122.329,0.299
20.404686, 129681, 128337, 112.79226816800335, 111.6233011765567, 10.14, 13.85, 14054, 13760, -0.308, -0.852,-0.079,0.352, 13417.060379348322, 13507.717327069873, 0.027767908040158006, 0.027767908040158006, 0.7459835826598148, 0.7669026495975761, 110.249,0.000,0.000,0.000,0.000,1.414,122.333,0.242
20.414278, 131064, 129684, 113.99515607661255, 112.79487746932357, 10.14, 13.85, 14168, 13622, -0.308, -0.782,-0.071,0.308, 13473.27129967637, 13551.197983818794, 0.027767908040158006, 0.027767908040158006, 0.742088732753897, 0.7358262633850838, 111.424,0.000,0.000,0.000,0.000,1.423,122.335,0.242
20.424335, 132457, 131246, 115.20674165628905, 114.15345369003764, 10.14, 13.85, 14128, 13678, -0.308, -0.678,-0.065,0.308, 13544.611646179092, 13626.459376195824, 0.02244088165451781, 0.02244088165451781, 0.7440119040636399, 0.7518210856853528, 112.715,0.000,0.000,0.000,0.000,1.434,122.337,0.195
20.434219, 133918, 132881, 116.47747139922328, 115.57552290954308, 10.14, 13.85, 14048, 13876, -0.308, -0.889,-0.059,0.308, 13393.853731759085, 13478.964638116677, 0.02244088165451781, 0.02244088165451781, 0.6632400535165248, 0.6712397246114473, 113.789,0.000,0.000,0.000,0.000,1.443,122.339,0.195
20.444274, 135333, 134399, 117.70819185524786, 116.89582937756099, 11.05, 26.650000000000002, 14098, 14354, -0.308, -0.847,-0.051,0.308, 13422.013750203701, 13511.344529992866, 0.01813584716274526, 0.01813584716274526, 0.7248818563779996, 0.7331277738555545, 115.177,0.000,0.000,0.000,0.000,1.454,122.341,0.158
20.454262, 136758, 135736, 118.94760998233976, 118.05870799926055, 11.05, 26.650000000000002, 14162, 14794, -0.308, -1.075,-0.046,0.308, 13259.25417378273, 13351.767467798374, 0.01465671798554668, 0.01465671798554668, 0.6510297644520986, 0.6594614738816624, 116.225,0.000,0.000,0.000,0.000,1.463,122.342,0.127
20.464294, 138092, 137066, 120.10787930271913, 119.21549825121299, 11.05, 26.650000000000002, 14066, 14796, -0.264, -0.893,-0.038,0.308, 13385.821523293347, 13482.53610430648, 0.01465671798554668, 0.01465671798554668, 0.749831903501177, 0.7585087759067495, 117.608,0.000,0.000,0.000,0.000,1.474,122.343,0.127
20.474436, 139523, 138361, 121.35251603245142, 120.34184665442984, 11.05, 26.650000000000002, 14114, 14278, -0.264, -0.976,-0.032,0.264, 13334.060989343014, 13417.304123147387, 0.011845036021228337, 0.011845036021228337, 0.6998127612958888, 0.6921719955533415, 118.683,0.000,0.000,0.000,0.000,1.483,122.344,0.103
20.484308, 140220, 139053, 121.95874370584303, 120.94372549228781, 11.05, 26.650000000000002, 14072, 14040, -0.264, -0.821,-0.026,0.264, 13442.190490323756, 13528.924800676381, 0.009572748788984033, 0.009572748788984033, 0.7486735313574613, 0.7563347368129508, 120.024,0.000,0.000,0.000,0.000,1.494,122.346,0.083
20.49433, 142326, 141193, 123.79047323261885, 122.80502710069248, 6.37, 6.0200000000000005, 13994, 13570, -0.264, -0.249,-0.021,0.264, 13845.153279301774, 13934.94923857992, 0.009572748788984033, 0.009572748788984033, 0.8666039667063452, 0.8744438145688118, 121.200,0.000,0.000,0.000,0.000,1.503,122.346,0.083
20.504323, 143041, 142762, 124.41235671393163, 124.16969169115367, 6.37, 6.0200000000000005, 14002, 14000, -0.264, -0.730,-0.014,0.264, 13503.457827141325, 13596.810542659932, 0.007736373727446226, 0.007736373727446226, 0.6274429632171393, 0.6354904150087279, 122.566,0.000,0.000,0.000,0.000,1.514,122.347,0.067
20.514474, 145214, 144280, 126.30236063685844, 125.48999815917158, 6.37, 6.0200000000000005, 14240, 14390, -0.176, -0.672,-0.010,0.264, 13542.870275827107, 13638.959360588855, 0.007736373727446226, 0.007736373727446226, 0.7373228668817885, 0.7455300140309832, 123.617,0.000,0.000,0.000,0.000,1.523,122.348,0.067
20.5243, 146630, 145653, 127.53395085998976, 126.68418839671345, 6.37, 6.0200000000000005, 14226, 14582, -0.176, -0.975,-0.003,0.176, 13344.23350934027, 13410.040093272382, 0.006252282993558645, 0.006252282993558645, 0.6645597395567425, 0.6452009013368639, 124.919,0.000,0.000,0.000,0.000,1.534,122.348,0.054
20.534265, 147978, 147066, 128.70639691986335, 127.91316931852458, 6.37, 6.0200000000000005, 14146, 14676, -0.176, -1.069,0.000,0.176, 13276.72090810892, 13344.469609061078, 0.005052893457421349, 0.005052893457421349, 0.6880737658194945, 0.6937605175267492, 126.038,0.000,0.000,0.000,0.000,1.543,122.349,0.044
20.544267, 149380, 148388, 129.92581040350044, 129.06300143362319, 8.85, 3.91, 14096, 14408, -0.176, -0.919,0.004,0.176, 13381.810712650735, 13451.904405708667, 0.005052893457421349, 0.005052893457421349, 0.7450200200738717, 0.7508436126695778, 127.389,0.000,0.000,0.000,0.000,1.554,122.349,0.044
20.554542, 150797, 149758, 131.1582703937385, 130.25458236984488, 8.85, 3.91, 14060, 14014, -0.132, -1.004,0.008,0.176, 13320.454804984358, 13392.456605688352, 0.00408358801447386, 0.00408358801447386, 0.6918764247280746, 0.6978113847732277, 128.488,0.000,0.000,0.000,0.000,1.563,122.350,0.036
20.564506, 152184, 151171, 132.3646373707746, 131.483563291656, 8.85, 3.91, 13918, 13786, -0.132, -0.852,0.012,0.132, 13435.577013534223, 13493.141656365648, 0.00408358801447386, 0.00408358801447386, 0.753997300902634, 0.7467965144788385, 129.853,0.000,0.000,0.000,0.000,1.574,122.350,0.036
20.574887, 153630, 152636, 133.62232060710787, 132.75777210301715, 8.85, 3.91, 14006, 13934, -0.088, -0.968,0.015,0.132, 13352.88991440105, 13411.888970028649, 0.0033002277702553554, 0.0033002277702553554, 0.6864321855465678, 0.6911750851480365, 130.954,0.000,0.000,0.000,0.000,1.583,122.350,0.029
20.584254, 155029, 154141, 134.83912478942474, 134.06677159864753, 8.85, 3.91, 14092, 14132, -0.088, -0.935,0.018,0.088, 13383.788793925454, 13427.697393895438, 0.002667141652077254, 0.002667141652077254, 0.7291304063154919, 0.720097378764148, 132.253,0.000,0.000,0.000,0.000,1.594,122.351,0.023
20.594292, 155743, 154865, 135.4601385036308, 134.6964829839209, 8.85, 3.91, 14136, 14236, -0.088, -1.075,0.020,0.088, 13283.875685368554, 13328.758400972738, 0.002667141652077254, 0.002667141652077254, 0.6780385656671428, 0.6815244254596049, 133.376,0.000,0.000,0.000,0.000,1.603,122.351,0.023
20.604367, 157826, 156254, 137.2718633869518, 135.90458949517048, 5.38, 2.69, 14060, 14384, -0.088, -0.343,0.022,0.088, 13801.320276650269, 13847.381315230286, 0.0021555017961344754, 0.0021555017961344754, 0.8796543060659081, 0.8832089363240075, 134.733,0.000,0.000,0.000,0.000,1.614,122.351,0.019
20.614236, 159194, 158319, 138.46170478896002, 137.70065857057034, 5.38, 2.69, 14038, 14312, -0.088, -0.709,0.023,0.088, 13541.885758052125, 13588.939597266854, 0.0021555017961344754, 0.0021555017961344754, 0.6388416975750155, 0.6424542706945405, 135.877,0.000,0.000,0.000,0.000,1.623,122.351,0.019
20.624527, 160624, 159737, 139.70547175158558, 138.93398832791513, 5.38, 2.69, 13988, 14216, -0.088, -0.899,0.025,0.088, 13407.247151490064, 13455.432258719567, 0.0017420106656763725, 0.0017420106656763725, 0.678657183430024, 0.6823357764942628, 137.180,0.000,0.000,0.000,0.000,1.634,122.351,0.015
20.634294, 161992, 161167, 140.8953131535938, 140.1777552905407, 5.38, 2.69, 13924, 14076, -0.044, -0.872,0.027,0.088, 13425.766787047376, 13475.050241288322, 0.0014078400695771024, 0.0014078400695771024, 0.7238193747363382, 0.7275620718379877, 138.446,0.000,0.000,0.000,0.000,1.644,122.352,0.012
20.644241, 163461, 162609, 142.17300103338187, 141.431959458447, 6.92, 5.32, 13990, 14086, 0.000, -0.730,0.029,0.044, 13533.695700471548, 13567.298308441434, 0.0014078400695771024, 0.0014078400695771024, 0.7573385420302529, 0.7477767749297514, 139.804,0.000,0.000,0.000,0.000,1.655,122.352,0.012
20.654306, 164860, 164021, 143.38980521569874, 142.66007061315142, 6.92, 5.32, 14070, 14144, 0.044, -1.048,0.031,-0.000, 13317.120759587595, 13334.402370875967, 0.0011377737450831804, 0.0011377737450831804, 0.6330997877084431, 0.6169292433794626, 140.752,0.000,0.000,0.000,0.000,1.663,122.352,0.010
20.664337, 166200, 165447, 144.5552931387185, 143.90035850735006, 6.92, 5.32, 14030, 14240, 0.044, -0.848,0.031,-0.044, 13467.300477663553, 13467.77207076942, 9.195144400034014E-4, 9.195144400034014E-4, 0.7641516657018802, 0.7523872996882018, 142.175,0.000,0.000,0.000,0.000,1.675,122.352,0.008
20.674224, 167551, 166793, 145.73034849991228, 145.0710650330102, 6.92, 5.32, 13854, 14124, 0.044, -1.002,0.030,-0.044, 13358.529510528499, 13358.54598430386, 9.195144400034014E-4, 9.195144400034014E-4, 0.6767767337160836, 0.6763445826798405, 143.224,0.000,0.000,0.000,0.000,1.683,122.352,0.008
20.684329, 168937, 168231, 146.93584570984166, 146.3217901324896, 6.92, 5.32, 13890, 14126, 0.088, -0.934,0.029,-0.044, 13406.835285013382, 13406.313334460141, 7.431239320710918E-4, 7.431239320710918E-4, 0.732669514355536, 0.7322059373745297, 144.465,0.000,0.000,0.000,0.000,1.693,122.352,0.006
20.694314, 170352, 169379, 148.16656616586624, 147.320282771017, 4.82, 9.57, 13792, 13604, 0.132, -0.960,0.028,-0.088, 13397.092698757648, 13379.286489134869, 7.431239320710918E-4, 7.431239320710918E-4, 0.718966345876153, 0.7035762943110629, 145.667,0.000,0.000,0.000,0.000,1.703,122.352,0.006
20.70429, 171754, 170558, 149.38597964950333, 148.34573818985302, 4.82, 9.57, 13780, 13100, 0.176, -0.708,0.026,-0.132, 13584.602909531128, 13548.762870380644, 6.005704795556849E-4, 6.005704795556849E-4, 0.7823288125405736, 0.7670691624880098, 147.034,0.000,0.000,0.000,0.000,1.714,122.352,0.005
20.714376, 172478, 171250, 150.0156910347767, 148.94761702771098, 4.82, 9.57, 13848, 13048, 0.176, -0.670,0.024,-0.176, 13620.108277764826, 13565.893198147369, 4.8536308887352865E-4, 4.8536308887352865E-4, 0.7449695980914365, 0.7259903299977154, 148.193,0.000,0.000,0.000,0.000,1.724,122.352,0.004
20.725719, 174628, 173637, 151.88569031424868, 151.02375111147825, 4.82, 9.57, 14150, 13632, 0.220, 0.179,0.019,-0.176, 14222.1699323023, 14165.411843329954, 4.8536308887352865E-4, 4.8536308887352865E-4, 0.9126012753092536, 0.9075561130115609, 149.659,0.000,0.000,0.000,0.000,1.736,122.352,0.004
20.735079, 176073, 175267, 153.1425037834752, 152.44147149545003, 4.82, 9.57, 14270, 14040, 0.220, -0.692,0.016,-0.220, 13615.328367091532, 13539.617183694878, 3.9225594633501625E-4, 3.9225594633501625E-4, 0.5270465488916201, 0.5054602095257377, 150.760,0.000,0.000,0.000,0.000,1.745,122.352,0.003
20.74435, 177512, 176742, 154.39409865006135, 153.7243779778785, 11.24, 21.81, 14312, 14672, 0.264, -0.715,0.011,-0.220, 13600.683739998134, 13522.120327269853, 3.170095507387314E-4, 3.170095507387314E-4, 0.7242125775784368, 0.7174616292843882, 152.075,0.000,0.000,0.000,0.000,1.756,122.352,0.003
20.754318, 178960, 178150, 155.65352142060806, 154.94901006415597, 11.24, 21.81, 14416, 15182, 0.352, -1.042,0.007,-0.264, 13378.975894745035, 13281.6358364242, 3.170095507387314E-4, 3.170095507387314E-4, 0.6347817986682276, 0.6091771939791606, 153.016,0.000,0.000,0.000,0.000,1.763,122.352,0.003
20.765694, 180302, 179455, 156.82074887784128, 156.08405613844013, 11.24, 21.81, 14212, 14942, 0.396, -1.014,0.002,-0.352, 13416.79237206205, 13282.662129732777, 2.5619766911438673E-4, 2.5619766911438673E-4, 0.7392606403144505, 0.7025108218702484, 154.285,0.000,0.000,0.000,0.000,1.774,122.352,0.002
20.77425, 181724, 180709, 158.05755770361299, 157.174744090281, 11.24, 21.81, 14198, 14198, 0.396, -0.842,-0.006,-0.396, 13548.891976038014, 13393.37229518253, 2.5619766911438673E-4, 2.5619766911438673E-4, 0.7680979197979819, 0.7428829556725214, 155.608,0.000,0.000,0.000,0.000,1.784,122.352,0.002
20.784253, 183124, 182033, 159.2752316530366, 158.32631573959304, 11.24, 21.81, 14108, 13564, 0.439, -0.821,-0.014,-0.396, 13566.297496143932, 13406.149397687544, 2.070513255564475E-4, 2.070513255564475E-4, 0.7331768376090196, 0.7199317478510054, 156.793,0.000,0.000,0.000,0.000,1.794,122.352,0.002
20.7945, 184562, 183515, 160.525956752516, 159.6153105917686, 13.27, 7.75, 14106, 13504, 0.439, -0.652,-0.023,-0.439, 13697.06289567661, 13514.73995471685, 1.673327185111078E-4, 1.673327185111078E-4, 0.7742614536718295, 0.747273559707453, 158.147,0.000,0.000,0.000,0.000,1.805,122.353,0.001
20.804249, 185995, 185065, 161.77233301646177, 160.9634496072019, 13.27, 7.75, 14060, 13776, 0.439, -0.780,-0.032,-0.439, 13608.919395547779, 13421.641732995946, 1.673327185111078E-4, 1.673327185111078E-4, 0.701024275194558, 0.6857626618808704, 159.289,0.000,0.000,0.000,0.000,1.815,122.353,0.001
20.81427, 187383, 186562, 162.97956976060462, 162.26549096597844, 13.27, 7.75, 14156, 14198, 0.483, -0.973,-0.041,-0.439, 13474.913815357088, 13282.843367416168, 1.3523332538868527E-4, 1.3523332538868527E-4, 0.6779722653883371, 0.662430920677775, 160.393,0.000,0.000,0.000,0.000,1.824,122.353,0.001
20.82425, 188774, 187943, 164.18941580606767, 163.46663934037417, 13.27, 7.75, 14096, 14474, 0.483, -0.911,-0.050,-0.483, 13529.275769061933, 13314.70616773394, 1.3523332538868527E-4, 1.3523332538868527E-4, 0.7457485413372874, 0.7161583056642001, 161.709,0.000,0.000,0.000,0.000,1.834,122.353,0.001
20.834257, 189490, 188595, 164.81216905448719, 164.03372749396289, 13.27, 7.75, 14112, 14428, 0.439, -1.004,-0.060,-0.483, 13466.151156604892, 13246.270958822051, 1.0929155258824248E-4, 1.0929155258824248E-4, 0.7020635140611623, 0.6844659496261247, 162.822,0.000,0.000,0.000,0.000,1.843,122.353,0.001
20.844324, 191590, 190567, 166.6386799786226, 165.74890822843673, 9.74, 5.88, 14056, 14142, 0.439, -0.163,-0.072,-0.439, 14056.664235982407, 13846.897543956879, 8.832618417229507E-5, 8.832618417229507E-5, 0.9026087234333297, 0.8973918233939431, 164.258,0.000,0.000,0.000,0.000,1.855,122.353,0.001
20.854342, 193001, 191932, 167.86592136622028, 166.93614032912475, 9.74, 5.88, 14012, 13774, 0.439, -0.916,-0.080,-0.439, 13525.896478639657, 13311.714502175211, 8.832618417229507E-5, 8.832618417229507E-5, 0.5302885361670805, 0.5134566538660319, 165.276,0.000,0.000,0.000,0.000,1.864,122.353,0.001
20.864288, 194384, 193416, 169.06880927482948, 168.2268747155138, 9.74, 5.88, 14010, 13680, 0.439, -0.790,-0.090,-0.439, 13618.274356786807, 13398.30462018221, 7.138259746280501E-5, 7.138259746280501E-5, 0.7566152129158863, 0.7394455277966315, 166.610,0.000,0.000,0.000,0.000,1.874,122.353,0.001
20.874503, 195481, 195005, 170.02294379091356, 169.6089346481096, 9.74, 5.88, 13476, 14078, 0.483, -0.946,-0.098,-0.439, 13509.711272345648, 13285.011405535386, 7.138259746280501E-5, 7.138259746280501E-5, 0.6879806074872387, 0.6705348484648703, 167.700,0.000,0.000,0.000,0.000,1.883,122.353,0.001
20.884326, 196695, 196502, 171.07884105848518, 170.91097600688613, 9.74, 5.88, 12986, 14538, 0.483, -0.813,-0.108,-0.483, 13615.292133499828, 13368.1301739524, 5.7689294598177975E-5, 5.7689294598177975E-5, 0.7650726868884526, 0.7334241317364683, 169.001,0.000,0.000,0.000,0.000,1.894,122.353,0.001
20.894301, 198229, 197777, 172.41306380021078, 172.01992906796835, 22.82, 7.34, 13236, 14426, 0.527, -0.843,-0.118,-0.483, 13596.640328436659, 13343.994902788603, 4.6622774403070405E-5, 4.6622774403070405E-5, 0.7237659736092558, 0.7042560674773205, 170.150,0.000,0.000,0.000,0.000,1.903,122.353,0.000
20.904376, 199873, 199099, 173.8429609236768, 173.16976118306695, 22.82, 7.34, 13702, 14340, 0.615, -0.723,-0.129,-0.527, 13693.234566124715, 13417.319390577544, 4.6622774403070405E-5, 4.6622774403070405E-5, 0.7655987734545086, 0.7321879604575213, 171.492,0.000,0.000,0.000,0.000,1.914,122.353,0.000
20.914246, 201490, 200471, 175.24937433526108, 174.3630816535021, 22.82, 7.34, 14200, 14142, 0.659, -0.865,-0.139,-0.615, 13612.56462541938, 13297.03604946679, 3.767914160178272E-5, 3.767914160178272E-5, 0.713827680655501, 0.6609832458320907, 172.641,0.000,0.000,0.000,0.000,1.924,122.353,0.000
20.924309, 202862, 201939, 176.44269480569622, 175.63989976618345, 22.82, 7.34, 14714, 13902, 0.659, -0.846,-0.153,-0.659, 13637.975179699239, 13297.608759408486, 3.767914160178272E-5, 3.767914160178272E-5, 0.7439104272072855, 0.705244233234087, 173.959,0.000,0.000,0.000,0.000,1.934,122.353,0.000
20.935184, 204200, 203401, 177.6064431945025, 176.9114992762244, 22.82, 7.34, 15020, 13768, 0.703, -0.965,-0.166,-0.659, 13557.827454335062, 13210.1924768746, 3.0451163481449617E-5, 3.0451163481449617E-5, 0.7020396313496807, 0.6752534161085597, 175.076,0.000,0.000,0.000,0.000,1.944,122.353,0.000
20.944726, 205530, 204848, 178.76323344645493, 178.1700522796644, 13.61, 2.72, 14650, 14142, 0.703, -0.110,-0.190,-0.703, 14177.739178629563, 13799.48370971208, 2.460972613297773E-5, 2.460972613297773E-5, 0.874080404362278, 0.8372589737141967, 177.149,0.000,0.000,0.000,0.000,1.961,122.353,0.000
20.954486, 206916, 206222, 179.9687306563843, 179.365112284313, 13.61, 2.72, 14142, 14220, 0.703, -0.972,-0.195,-0.703, 13569.006046105971, 13188.351684030004, 2.460972613297773E-5, 2.460972613297773E-5, 0.06849953852849154, 0.03935308883034255, 177.494,0.000,0.000,0.000,0.000,1.963,122.353,0.000
20.96431, 208176, 207661, 181.06463721086556, 180.61670715089915, 13.61, 2.72, 13408, 14378, 0.703, -0.845,-0.211,-0.703, 13663.563196393286, 13273.692124263627, 1.988885006896059E-5, 1.988885006896059E-5, 0.7611957509671224, 0.7315113677563015, 178.822,0.000,0.000,0.000,0.000,1.974,122.353,0.000
20.974333, 209191, 209013, 181.9474508241977, 181.79263227919967, 13.61, 2.72, 12734, 14142, 0.703, -0.948,-0.224,-0.703, 13594.413873901596, 13197.108272262205, 1.988885006896059E-5, 1.988885006896059E-5, 0.7068961382508876, 0.6767778383044109, 179.893,0.000,0.000,0.000,0.000,1.983,122.353,0.000
20.984314, 210063, 210076, 182.70588774126725, 182.7171947136549, 13.61, 2.72, 11782, 13434, 0.703, -0.652,-0.240,-0.703, 13808.051841224578, 13401.547369192016, 1.607357815707018E-5, 1.607357815707018E-5, 0.8020844612104034, 0.7714292690933338, 181.218,0.000,0.000,0.000,0.000,1.994,122.353,0.000
20.994225, 211194, 211038, 183.68959433898019, 183.55391067033025, 0.61, -5.89, 11316, 12438, 0.703, -0.367,-0.254,-0.703, 14014.044190287066, 13599.713585469455, 1.2990188771173819E-5, 1.2990188771173819E-5, 0.8201995182957056, 0.7890875534682973, 182.345,0.000,0.000,0.000,0.000,2.003,122.353,0.000
21.004346, 212756, 212085, 185.04817055969426, 184.46455683107777, 0.61, -5.89, 11628, 11776, 0.791, 0.067,-0.271,-0.703, 14325.546934523558, 13901.884943065097, 1.2990188771173819E-5, 1.2990188771173819E-5, 0.85377907900624, 0.8221224874228138, 183.689,0.000,0.000,0.000,0.000,2.014,122.353,0.000
21.014279, 214489, 213419, 186.55547695565934, 185.62482615145714, 0.61, -5.89, 12518, 11514, 0.879, 0.047,-0.285,-0.791, 14332.072600174954, 13866.311710531983, 1.0498284833143711E-5, 1.0498284833143711E-5, 0.7790948202034692, 0.7142257859787757, 184.804,0.000,0.000,0.000,0.000,2.023,122.353,0.000
21.02429, 216263, 215030, 188.0984438030004, 187.02602096040104, 0.61, -5.89, 14016, 11996, 0.923, -0.038,-0.303,-0.879, 14292.609121456142, 13782.759912124387, -2.5916396137707904, -2.5916396137707904, 0.76257140908536, 0.6975955634101338, 186.053,0.000,0.000,0.000,0.000,2.033,122.343,-22.541
21.034356, 217791, 216842, 189.42744794208562, 188.6020389577979, 0.61, -5.89, 15398, 13394, 0.923, -0.361,-0.321,-0.923, 14052.95764633083, 13516.992291322002, -2.5916396137707904, -2.5916396137707904, 0.6807953743780698, 0.6268544199555265, 187.203,0.000,0.000,0.000,0.000,2.043,122.131,-22.541
21.044336, 219074, 218489, 190.5433591400217, 190.03454538258413, 21.02, 31.23, 15788, 14818, 0.967, -0.441,-0.343,-0.923, 13920.714354065927, 13375.472635476679, -13.796796759881554, -13.796796759881554, 0.7116105080500192, 0.6730664107335563, 188.575,0.000,0.000,0.000,0.000,2.054,121.417,-120.000
21.054231, 220365, 219734, 191.66622847481162, 191.11740543046443, 21.02, 31.23, 15268, 15306, 1.055, -0.626,-0.361,-0.967, 13681.392543874652, 13114.602732351592, -13.796796759881554, -13.796796759881554, 0.6587079817320066, 0.6061395837746606, 189.665,0.000,0.000,0.000,0.000,2.063,120.334,-120.000
21.064256, 221677, 220864, 192.8073629188429, 192.10024226107063, 21.02, 31.23, 14454, 14942, 1.055, -0.408,-0.383,-1.055, 13702.936171221972, 13097.096800393689, -13.796796759881607, -13.796796759881607, 0.750250489019991, 0.6860445587504554, 190.987,0.000,0.000,0.000,0.000,2.074,119.009,-120.000
21.074222, 222371, 221393, 193.41098129091432, 192.56034906053142, 21.02, 31.23, 14014, 14468, 1.055, -0.425,-0.403,-1.055, 13574.672128280286, 12963.729687333513, -13.796796759881554, -13.796796759881554, 0.6859226871057559, 0.6455457562742636, 192.032,0.000,0.000,0.000,0.000,2.083,117.950,-120.000
21.084334, 224470, 222472, 195.23662244794303, 193.49882776869435, 21.02, 31.23, 13360, 13198, 1.055, 0.309,-0.426,-1.055, 13927.025666664025, 13310.221075493497, -13.796796759881554, -13.796796759881554, 0.8477365710157367, 0.8073064374971503, 193.298,0.000,0.000,0.000,0.000,2.094,116.655,-120.000
21.094231, 225862, 224536, 196.4473382605128, 195.29402707698748, 5.34, 4.71, 13556, 12098, 1.055, -0.006,-0.446,-1.055, 13589.673284584327, 12968.208515391938, -13.796796759881607, -13.796796759881607, 0.6184503318426194, 0.5780396344571074, 194.365,0.000,0.000,0.000,0.000,2.103,115.553,-120.000
21.104339, 227209, 226074, 197.61891455327967, 196.63172888713999, 5.34, 4.71, 13690, 12616, 1.055, -0.286,-0.468,-1.055, 13260.451676304985, 12633.959467338253, -13.796796759881607, -13.796796759881607, 0.6201914486464263, 0.5797735430221519, 195.588,0.000,0.000,0.000,0.000,2.113,114.276,-120.000
21.114379, 228586, 227390, 198.81658385924848, 197.77634239959818, 5.34, 4.71, 13828, 13026, 1.143, -0.479,-0.488,-1.055, 13009.361250203641, 12378.785283253328, -13.796796759881607, -13.796796759881607, 0.6203233982326529, 0.5799526712822233, 196.650,0.000,0.000,0.000,0.000,2.123,113.155,-120.000
21.124397, 229879, 228533, 199.94119272825188, 198.77048620259188, 5.34, 4.71, 13614, 13210, 1.274, -0.391,-0.511,-1.143, 12932.725983217633, 12266.587826569317, -13.796796759881607, -13.796796759881607, 0.6852369176043095, 0.6204583396303182, 197.910,0.000,0.000,0.000,0.000,2.134,111.811,-120.000
21.134551, 231213, 229728, 201.10146204863125, 199.80985789513562, 5.34, 4.71, 13496, 13272, 1.274, -0.444,-0.532,-1.274, 12800.642166860238, 12084.677984406135, -13.796796759881607, -13.796796759881607, 0.6612368942603524, 0.5745769605307253, 198.918,0.000,0.000,0.000,0.000,2.143,110.724,-120.000
21.144373, 232536, 230957, 202.25216393083656, 200.87880166930822, 13.13, 20.53, 13356, 12886, 1.274, -0.449,-0.556,-1.274, 12665.642073189772, 11945.059355211042, -13.796796759881554, -13.796796759881554, 0.644967638317684, 0.5991216037524367, 200.013,0.000,0.000,0.000,0.000,2.153,109.531,-120.000
21.154422, 233863, 232192, 203.4063448814688, 201.9529640461212, 13.13, 20.53, 13308, 12282, 1.274, -0.509,-0.579,-1.274, 12500.48569580465, 11775.806354297352, -13.796796759881554, -13.796796759881554, 0.6259791597124834, 0.5802180133578348, 201.063,0.000,0.000,0.000,0.000,2.163,108.373,-120.000
21.164344, 235159, 233510, 204.53356305179238, 203.09931709279286, 13.13, 20.53, 13138, 12242, 1.274, -0.527,-0.604,-1.274, 12354.299071522832, 11625.70382810075, -13.796796759881554, -13.796796759881554, 0.6272359854552337, 0.5815704687191167, 202.159,0.000,0.000,0.000,0.000,2.173,107.153,-120.000
21.174293, 236433, 234748, 205.64164634576787, 204.17608877092604, 13.13, 20.53, 13110, 12420, 1.187, -0.602,-0.627,-1.274, 12176.229858262943, 11444.194999290296, -13.796796759881554, -13.796796759881554, 0.6077892402042232, 0.5622488140586647, 203.221,0.000,0.000,0.000,0.000,2.183,105.957,-120.000
21.184368, 237665, 235958, 206.71319942126067, 205.22850697007075, 13.13, 20.53, 12918, 12462, 1.143, -0.647,-0.651,-1.187, 12003.604349960975, 11297.41297557118, -13.796796759881554, -13.796796759881554, 0.5932839577404204, 0.5732868259122262, 204.268,0.000,0.000,0.000,0.000,2.193,104.765,-120.000
21.194261, 238876, 237132, 207.76648738751211, 206.24961355337314, 0.42, -4.94, 12696, 12356, 1.143, -0.667,-0.672,-1.143, 11852.619493266862, 11158.45082525837, -13.796796759881554, -13.796796759881554, 0.5964663443240469, 0.5657527950786422, 205.310,0.000,0.000,0.000,0.000,2.203,103.564,-120.000
21.204263, 240073, 238325, 208.80759861426932, 207.2872457117034, 0.42, -4.94, 12444, 12264, 1.143, -0.564,-0.695,-1.143, 11766.719469419566, 11070.715279249229, -13.796796759881554, -13.796796759881554, 0.6182990995096024, 0.5763258734756769, 206.451,0.000,0.000,0.000,0.000,2.214,102.234,-120.000
21.214224, 241310, 239524, 209.88350052529577, 208.33009647267406, 0.42, -4.94, 12310, 12042, 1.143, -0.648,-0.714,-1.143, 11592.090728080979, 10894.857376800148, -13.796796759881554, -13.796796759881554, 0.5764848232006219, 0.5347234908654726, 207.406,0.000,0.000,0.000,0.000,2.223,101.107,-120.000
21.224337, 242529, 240753, 210.94374662840104, 209.39904024684665, 0.42, -4.94, 12210, 12006, 0.967, -0.628,-0.736,-1.143, 11460.64993068791, 10762.373804920986, -13.796796759881554, -13.796796759881554, 0.5895114981117867, 0.5479648237737869, 208.485,0.000,0.000,0.000,0.000,2.234,99.817,-120.000
21.234466, 243722, 241917, 211.9813787867313, 210.4114491590817, 0.42, -4.94, 12114, 11928, 0.835, -0.806,-0.754,-0.967, 11213.69209794628, 10569.049450216766, -13.796796759881554, -13.796796759881554, 0.5141298243108302, 0.5256366701461798, 209.370,0.000,0.000,0.000,0.000,2.243,98.749,-120.000
21.244336, 244885, 243076, 212.99291793185964, 211.41950923578312, -2.96, -19.51, 12020, 11878, 0.835, -0.800,-0.772,-0.835, 11058.400945750835, 10454.271308206376, -13.796796759881554, -13.796796759881554, 0.5515622893583358, 0.547801009563049, 210.399,0.000,0.000,0.000,0.000,2.253,97.490,-120.000
21.254444, 246096, 244205, 214.04620589811108, 212.4014762992826, -2.96, -19.51, 12064, 11776, 0.571, -0.913,-0.785,-0.835, 10872.496338271838, 10269.422795012391, -13.796796759881554, -13.796796759881554, 0.5358450909988104, 0.5015775200731692, 211.296,0.000,0.000,0.000,0.000,2.263,96.379,-120.000
21.264356, 247252, 245350, 215.0516566734923, 213.39735963648977, -2.96, -19.51, 11906, 11652, 0.571, -0.840,-0.803,-0.571, 10724.010738192756, 10200.625586575065, -13.796796759881607, -13.796796759881607, 0.5322216408203849, 0.5588826138430477, 212.384,0.000,0.000,0.000,0.000,2.274,95.015,-120.000
21.274296, 248405, 246430, 216.05449814755332, 214.3367081117594, -2.96, -19.51, 11752, 11368, 0.264, -1.015,-0.811,-0.571, 10512.23575785563, 9991.048600466955, -13.796796759881607, -13.796796759881607, 0.5048393148798583, 0.47647286972856523, 213.209,0.000,0.000,0.000,0.000,2.283,93.967,-120.000
21.284383, 249512, 247515, 217.01733033470472, 215.28040542256272, -2.96, -19.51, 11592, 11220, 0.132, -0.949,-0.824,-0.264, 10357.20597299941, 9927.540193703044, -13.796796759881579, -13.796796759881579, 0.5078487709979186, 0.5502441017488825, 214.241,0.000,0.000,0.000,0.000,2.294,92.639,-120.000
21.294339, 250597, 248547, 217.96102764550804, 216.17800507670927, -18.43, -23.88, 11444, 10974, 0.132, -1.074,-0.829,-0.132, 10153.18793399686, 9764.296412536134, -13.796796759881579, -13.796796759881579, 0.4805338279579987, 0.4948675904168886, 215.069,0.000,0.000,0.000,0.000,2.303,91.562,-120.000
21.304328, 251652, 249595, 218.8786319431094, 217.08952100456352, -18.43, -23.88, 11126, 10798, -0.176, -1.006,-0.831,-0.132, 10044.22864605072, 9659.927911032475, -13.796796759881527, -13.796796759881527, 0.5246261908790236, 0.5056419741682866, 216.057,0.000,0.000,0.000,0.000,2.314,90.257,-120.000
21.314232, 252195, 250122, 219.35091548206444, 217.54788826981084, -18.43, -23.88, 11066, 10710, -0.176, -1.088,-0.836,0.176, 9836.74585613927, 9541.23855862925, -13.796796759881527, -13.796796759881527, 0.4525477557716413, 0.5137339518907765, 216.885,0.000,0.000,0.000,0.000,2.323,89.149,-120.000
21.324427, 253793, 251692, 220.74080331862083, 218.91342262737876, -18.43, -23.88, 10794, 10542, -0.176, -0.578,-0.833,0.176, 9949.140233439013, 9659.231859703386, -13.796796759881527, -13.796796759881527, 0.5813705263542547, 0.5685942081834967, 217.860,0.000,0.000,0.000,0.000,2.334,87.827,-120.000
21.334262, 254822, 252741, 221.6357936714472, 219.82580832233975, -18.43, -23.88, 10640, 10444, -0.176, -1.163,-0.831,0.176, 9531.770624245079, 9246.434632673132, -13.796796759881554, -13.796796759881554, 0.38879194130756994, 0.3762456810597268, 218.653,0.000,0.000,0.000,0.000,2.343,86.737,-120.000
21.3443, 255882, 253774, 222.55774680458222, 220.72427774359303, -20.22, -15.59, 10570, 10458, -0.308, -1.079,-0.828,0.176, 9421.368328550478, 9141.7614115285, -13.796796759881554, -13.796796759881554, 0.4949191811066367, 0.4826701862191955, 219.641,0.000,0.000,0.000,0.000,2.354,85.359,-120.000
21.354762, 256931, 254816, 223.4701324995432, 221.6305750688069, -20.22, -15.59, 10562, 10454, -0.396, -1.300,-0.828,0.308, 9188.625318625835, 8947.259038938526, -13.796796759881579, -13.796796759881579, 0.41399017033913227, 0.43842922644860755, 220.328,0.000,0.000,0.000,0.000,2.363,84.387,-120.000
21.367715, 257850, 255792, 224.26944847062916, 222.4794677649765, -20.22, -15.59, 10270, 10322, -0.747, -1.261,-0.824,0.396, 9047.230392785097, 8834.1792903385, -13.796796759881579, -13.796796759881579, 0.4624821008414994, 0.4704610876339325, 221.275,0.000,0.000,0.000,0.000,2.374,83.030,-120.000
21.374277, 258829, 256691, 225.12095046811896, 223.2613883939278, -20.22, -15.59, 10080, 10014, -0.747, -1.015,-0.820,0.747, 8947.479610503666, 8829.894042272685, -13.796796759881579, -13.796796759881579, 0.45948071626899395, 0.5127584605676226, 222.340,0.000,0.000,0.000,0.000,2.387,81.476,-120.000
21.384441, 259809, 257673, 225.9733222327155, 224.1154996927378, -20.22, -15.59, 9982, 9862, -0.879, -1.257,-0.813,0.747, 8739.784494377796, 8626.220089402446, -13.796796759881579, -13.796796759881579, 0.4004503452069175, 0.3984487628892719, 222.915,0.000,0.000,0.000,0.000,2.394,80.625,-120.000
21.39429, 260770, 258569, 226.80916842228416, 224.89481102036893, -16.48, -14.47, 9792, 9608, -0.879, -1.374,-0.805,0.879, 8548.641941808057, 8472.33070317065, -13.796796759881579, -13.796796759881579, 0.40806839040440623, 0.43672912336452446, 223.650,0.000,0.000,0.000,0.000,2.403,79.524,-120.000
21.404315, 261684, 259516, 227.60413555783643, 225.71848047044335, -16.48, -14.47, 9518, 9402, -0.923, -1.377,-0.793,0.879, 8413.506531981935, 8342.838337191837, -13.796796759881579, -13.796796759881579, 0.4336411914331613, 0.4340310226637926, 224.455,0.000,0.000,0.000,0.000,2.413,78.300,-120.000
21.414299, 262582, 260412, 228.38518641968102, 226.49779179807447, -16.48, -14.47, 9454, 9230, -0.967, -1.451,-0.783,0.923, 8251.187281502886, 8195.94338686228, -13.796796759881579, -13.796796759881579, 0.41088432233747874, 0.4209775240324744, 225.189,0.000,0.000,0.000,0.000,2.423,77.166,-120.000
21.424328, 263444, 261309, 229.13492566568328, 227.27797289281233, -16.48, -14.47, 9246, 9238, -0.967, -1.377,-0.770,0.967, 8132.684374319915, 8093.434351580307, -13.796796759881579, -13.796796759881579, 0.425668742860941, 0.43507507710799276, 226.042,0.000,0.000,0.000,0.000,2.434,75.828,-120.000
21.434535, 264294, 262153, 229.87422770640478, 228.01205633089342, -16.48, -14.47, 8984, 8996, -0.967, -1.459,-0.758,0.967, 7978.654869977016, 7943.95574908965, -13.796796759881579, -13.796796759881579, 0.4011007263796518, 0.40316315876924275, 226.726,0.000,0.000,0.000,0.000,2.443,74.738,-120.000
21.444366, 265154, 263021, 230.62222741819357, 228.76701417953606, -22.18, -15.58, 8780, 8902, -0.967, -1.357,-0.744,0.967, 7874.245281580026, 7844.974519255322, -13.796796759881579, -13.796796759881579, 0.4197817564045672, 0.42198657684594626, 227.564,0.000,0.000,0.000,0.000,2.454,73.380,-120.000
21.454531, 265991, 263848, 231.35022248652754, 229.48631157680273, -22.18, -15.58, 8624, 8692, -0.967, -1.500,-0.734,0.967, 7705.306599090485, 7679.875948525281, -13.796796759881579, -13.796796759881579, 0.3779107822960257, 0.38017406825643224, 228.173,0.000,0.000,0.000,0.000,2.463,72.377,-120.000
21.464286, 266861, 264678, 232.10691986938366, 230.20821827538958, -22.18, -15.58, 8554, 8542, -0.967, -1.400,-0.720,0.967, 7597.290311178821, 7576.907594337868, -13.796796759881579, -13.796796759881579, 0.4058584723354395, 0.4082520716262472, 228.997,0.000,0.000,0.000,0.000,2.474,70.998,-120.000
21.474322, 267623, 265517, 232.7696824047128, 230.93795287793702, -22.18, -15.58, 8386, 8426, -0.923, -1.544,-0.710,0.967, 7428.857744920138, 7412.0147426901995, -13.796796759881579, -13.796796759881579, 0.3653281711260578, 0.36776596192368577, 229.592,0.000,0.000,0.000,0.000,2.483,69.985,-120.000
21.48428, 268382, 266322, 233.42983563872176, 231.6381153988556, -22.18, -15.58, 8188, 8346, -0.923, -1.479,-0.696,0.923, 7317.42720753572, 7295.768332125617, -13.796796759881579, -13.796796759881579, 0.3922490650332023, 0.38741223181851797, 230.354,0.000,0.000,0.000,0.000,2.494,68.666,-120.000
21.494358, 269178, 267093, 234.12217025567975, 232.30870583814533, -13.21, -14.98, 8058, 8168, -0.923, -1.540,-0.686,0.923, 7175.755908200599, 7157.556563060274, -13.796796759881579, -13.796796759881579, 0.36653102548043875, 0.3685741400174261, 230.973,0.000,0.000,0.000,0.000,2.503,67.575,-120.000
21.504333, 269947, 267884, 234.791021160756, 232.99669161956967, -13.21, -14.98, 7920, 8074, -0.923, -1.500,-0.674,0.923, 7051.885839835828, 7037.595592572632, -13.796796759881579, -13.796796759881579, 0.37310679830767013, 0.37523141337317395, 231.695,0.000,0.000,0.000,0.000,2.513,66.282,-120.000
21.514208, 270708, 268635, 235.4529139289784, 233.64988671672478, -13.21, -14.98, 7718, 7934, -0.879, -1.556,-0.664,0.923, 6908.375346259895, 6897.351306097688, -13.796796759881541, -13.796796759881541, 0.3549619929813803, 0.35713032144919016, 232.317,0.000,0.000,0.000,0.000,2.523,65.144,-120.000
21.525018, 271467, 269392, 236.11306716298736, 234.30830041652027, -13.21, -14.98, 7680, 7764, -0.835, -1.565,-0.653,0.879, 6779.906592983845, 6763.61990142205, -13.796796759881541, -13.796796759881541, 0.35824011039687864, 0.3530221276766436, 232.967,0.000,0.000,0.000,0.000,2.533,63.937,-120.000
21.534256, 272177, 270128, 236.7306018087665, 234.9484490070744, -13.21, -14.98, 7602, 7626, -0.835, -1.557,-0.642,0.835, 6651.335043544333, 6629.947919417509, -13.796796759881541, -13.796796759881541, 0.35370153889553696, 0.34850875466858583, 233.634,0.000,0.000,0.000,0.000,2.544,62.672,-120.000
21.544306, 272881, 270835, 237.34291785190524, 235.56337435153333, -14.46, -16.47, 7430, 7492, -0.791, -1.549,-0.633,0.835, 6522.124105083559, 6503.793322594941, -13.796796759881554, -13.796796759881554, 0.3441843852840751, 0.34554430401357816, 234.271,0.000,0.000,0.000,0.000,2.554,61.440,-120.000
21.554262, 273230, 271194, 237.64646657215442, 235.8756207428498, -14.46, -16.47, 7340, 7424, -0.791, -1.611,-0.623,0.791, 6387.9450516571815, 6364.119459469984, -13.796796759881554, -13.796796759881554, 0.3332105612915642, 0.3268747046050376, 234.823,0.000,0.000,0.000,0.000,2.563,60.353,-120.000
21.564266, 274261, 272239, 238.54319645919423, 236.78452736938385, -14.46, -16.47, 7112, 7216, -0.791, -1.324,-0.615,0.791, 6358.517316035299, 6337.409767566173, -13.796796759881554, -13.796796759881554, 0.3658777507193139, 0.36687307682427334, 235.418,0.000,0.000,0.000,0.000,2.573,59.158,-120.000
21.574345, 274942, 272921, 239.13550785887816, 237.3777085361745, -14.46, -16.47, 6960, 7070, -0.791, -1.651,-0.607,0.791, 6121.061508740447, 6102.5081905828665, -13.796796759881554, -13.796796759881554, 0.2893988628932678, 0.29043349309781136, 235.994,0.000,0.000,0.000,0.000,2.583,57.977,-120.000
21.584369, 275626, 273625, 239.73042855988226, 237.99002457931326, -14.46, -16.47, 6900, 6990, -0.791, -1.624,-0.599,0.791, 5991.818133106278, 5975.922700921067, -13.796796759881554, -13.796796759881554, 0.3205043143992128, 0.3215819160050503, 236.614,0.000,0.000,0.000,0.000,2.593,56.680,-120.000
21.594302, 276269, 274287, 240.28968880951038, 238.5658104039693, -11.83, -13.84, 6784, 6908, -0.659, -1.689,-0.591,0.791, 5848.142972883558, 5834.477716247831, -13.796796759881554, -13.796796759881554, 0.30426285625631605, 0.3053621317065078, 237.152,0.000,0.000,0.000,0.000,2.603,55.529,-120.000
21.604271, 276902, 274915, 240.8402513880712, 239.11202414699648, -11.83, -13.84, 6658, 6746, -0.615, -1.667,-0.580,0.659, 5729.009265892823, 5696.0150467390595, -13.796796759881554, -13.796796759881554, 0.3157649483090908, 0.29920571543185653, 237.744,0.000,0.000,0.000,0.000,2.614,54.236,-120.000
21.614361, 277513, 275528, 241.37167909028395, 239.64519138342268, -11.83, -13.84, 6514, 6592, -0.571, -1.743,-0.573,0.615, 5596.96888638559, 5558.881367120181, -13.796796759881568, -13.796796759881568, 0.2942065645839947, 0.287265899283003, 238.217,0.000,0.000,0.000,0.000,2.623,53.179,-120.000
21.624378, 278115, 276113, 241.8952788885361, 240.15400514086042, -11.83, -13.84, 6360, 6398, -0.571, -1.728,-0.566,0.571, 5472.630232062385, 5429.939376600318, -13.796796759881568, -13.796796759881568, 0.29723982183664344, 0.29114538836435927, 238.764,0.000,0.000,0.000,0.000,2.633,51.928,-120.000
21.634345, 278712, 276703, 242.4145298512546, 240.6671677338318, -11.83, -13.84, 6184, 6180, -0.527, -1.739,-0.561,0.571, 5344.333553004163, 5303.793907504195, -13.796796759881568, -13.796796759881568, 0.28588559508419126, 0.2853041512903391, 239.269,0.000,0.000,0.000,0.000,2.643,50.748,-120.000
21.644246, 279291, 277302, 242.91812500605195, 241.18815823076378, -14.18, -16.55, 6050, 6042, -0.527, -1.707,-0.555,0.527, 5217.774508077752, 5172.95740054256, -13.796796759881568, -13.796796759881568, 0.28590812280352185, 0.28010837058505156, 239.818,0.000,0.000,0.000,0.000,2.654,49.433,-120.000
21.654281, 279845, 277878, 243.399975983181, 241.68914408424092, -14.18, -16.55, 5898, 5932, -0.527, -1.791,-0.551,0.527, 5082.900534733715, 5039.915970212062, -13.796796759881554, -13.796796759881554, 0.265944888128451, 0.26514513276154655, 240.246,0.000,0.000,0.000,0.000,2.663,48.383,-120.000
21.664246, 280377, 278422, 243.86269208396197, 242.16229739030268, -14.18, -16.55, 5748, 5794, -0.483, -1.686,-0.545,0.527, 4952.909634805343, 4912.451270737609, -13.796796759881554, -13.796796759881554, 0.27511111770399405, 0.2743946783048539, 240.843,0.000,0.000,0.000,0.000,2.675,46.880,-120.000
21.674353, 280919, 278960, 244.33410585581026, 242.63023209372403, -14.18, -16.55, 5620, 5700, -0.483, -1.805,-0.541,0.483, 4828.616836340369, 4783.523207291947, -13.796796759881554, -13.796796759881554, 0.25236820443381286, 0.24471476822302693, 241.192,0.000,0.000,0.000,0.000,2.683,45.977,-120.000
21.684257, 281427, 279493, 244.7759475460297, 243.09381796161173, -14.18, -16.55, 5448, 5588, -0.483, -1.790,-0.537,0.483, 4697.335555370116, 4654.344340593862, -13.796796759881554, -13.796796759881554, 0.25686347157638406, 0.2559592335090754, 241.677,0.000,0.000,0.000,0.000,2.693,44.694,-120.000
21.694222, 281945, 280000, 245.22648690731643, 243.53478988472443, -11.78, -14.55, 5318, 5408, -0.483, -1.833,-0.533,0.483, 4569.052051987806, 4527.831591509055, -13.796796759881554, -13.796796759881554, 0.24599738052901485, 0.24514526667907743, 242.087,0.000,0.000,0.000,0.000,2.703,43.579,-120.000
21.7044, 282454, 280509, 245.6691983646426, 243.9775013420506, -11.78, -14.55, 5224, 5268, -0.483, -1.802,-0.529,0.483, 4436.484488253022, 4397.307753336536, -13.796796759881554, -13.796796759881554, 0.24523264912493556, 0.24444900005886402, 242.563,0.000,0.000,0.000,0.000,2.714,42.247,-120.000
21.714246, 282937, 281008, 246.08929587719373, 244.41151512830945, -11.78, -14.55, 5124, 5182, -0.396, -1.868,-0.526,0.483, 4306.62819047615, 4269.062669278022, -13.796796759881554, -13.796796759881554, 0.2315209210350718, 0.23078249374141566, 242.940,0.000,0.000,0.000,0.000,2.723,41.163,-120.000
21.724276, 283403, 281488, 246.49460734893046, 244.8290033395404, -11.78, -14.55, 4976, 5072, -0.352, -1.848,-0.520,0.396, 4177.366436063436, 4131.157291116882, -13.796796759881554, -13.796796759881554, 0.2359484425276467, 0.22687675223317827, 243.388,0.000,0.000,0.000,0.000,2.734,39.835,-120.000
21.734307, 283863, 281954, 246.8947002180268, 245.23431481127713, -11.78, -14.55, 4882, 4932, -0.352, -1.900,-0.516,0.352, 4052.8398131635904, 4003.228154250669, -13.796796759881554, -13.796796759881554, 0.2230001919926284, 0.21707314458901802, 243.748,0.000,0.000,0.000,0.000,2.743,38.737,-120.000
21.744245, 284309, 282395, 247.2826163476289, 245.61788210534556, -11.5, -14.870000000000001, 4740, 4804, -0.308, -1.904,-0.514,0.352, 3920.3848791364026, 3872.80607308715, -13.79679675988155, -13.79679675988155, 0.21801854880327998, 0.2168259227573297, 244.147,0.000,0.000,0.000,0.000,2.753,37.481,-120.000
21.754758, 284730, 282819, 247.6487882995627, 245.98666335859957, -11.5, -14.870000000000001, 4564, 4636, -0.308, -1.945,-0.510,0.308, 3796.67461635539, 3746.0756760880454, -13.79679675988155, -13.79679675988155, 0.21155869628000215, 0.20596969056450676, 244.492,0.000,0.000,0.000,0.000,2.763,36.359,-120.000
21.764332, 285146, 283248, 248.01061141596287, 246.35979344738723, -11.5, -14.870000000000001, 4430, 4492, -0.308, -1.930,-0.508,0.308, 3665.3988051520237, 3616.9199264551885, -13.79679675988155, -13.79679675988155, 0.20681738137850844, 0.20560390745258128, 244.874,0.000,0.000,0.000,0.000,2.774,35.075,-120.000
21.774241, 285538, 283658, 248.3515601218015, 246.716397961147, -11.5, -14.870000000000001, 4284, 4346, -0.264, -1.980,-0.506,0.308, 3540.0985136500253, 3493.4134026692254, -13.79679675988155, -13.79679675988155, 0.19657863223797398, 0.19544436097550974, 245.192,0.000,0.000,0.000,0.000,2.783,33.971,-120.000
21.784343, 285922, 284052, 248.68555069078627, 247.05908620119908, -11.5, -14.870000000000001, 4126, 4208, -0.264, -1.979,-0.503,0.264, 3410.962474393343, 3361.9820237234408, -13.79679675988155, -13.79679675988155, 0.19543965701015611, 0.19079849574420749, 245.542,0.000,0.000,0.000,0.000,2.793,32.710,-120.000
21.795282, 286110, 284240, 248.84906690685173, 247.22260241726454, -11.5, -14.870000000000001, 4066, 4140, -0.264, -1.997,-0.502,0.264, 3282.748870391862, 3235.7756187989603, -13.79679675988155, -13.79679675988155, 0.18641348483287992, 0.1853133660878293, 245.862,0.000,0.000,0.000,0.000,2.803,31.513,-120.000
21.804295, 286666, 284428, 249.33265741819426, 247.38611863333, -11.75, -13.98, 3882, 4062, -0.264, -1.828,-0.500,0.264, 3177.5421910301175, 3132.7087740885213, -13.796796759881556, -13.796796759881556, 0.1907579467028222, 0.1897623149970654, 246.195,0.000,0.000,0.000,0.000,2.814,30.221,-120.000
21.814256, 287030, 285165, 249.6492526450444, 248.02713699099087, -11.75, -13.98, 3778, 3842, -0.264, -1.897,-0.499,0.264, 3057.6617074697338, 3014.5128769793428, -13.796796759881556, -13.796796759881556, 0.17201120981376458, 0.17109558142733094, 246.449,0.000,0.000,0.000,0.000,2.823,29.192,-120.000
21.824367, 287391, 285539, 249.96323857057436, 248.35242988890832, -11.75, -13.98, 3714, 3768, -0.264, -2.057,-0.498,0.264, 2891.257058683073, 2850.2809970797102, -13.796796759881556, -13.796796759881556, 0.1611710825016284, 0.16036431009817362, 246.768,0.000,0.000,0.000,0.000,2.834,27.850,-120.000
21.834237, 287705, 285884, 250.23634544208795, 248.65249954073056, -11.75, -13.98, 3578, 3674, -0.220, -2.131,-0.496,0.264, 2767.6522490767975, 2728.404838693606, -13.796796759881556, -13.796796759881556, 0.15866716696332558, 0.15794366957514924, 247.014,0.000,0.000,0.000,0.000,2.843,26.770,-120.000
21.844288, 288008, 286191, 250.49988487542748, 248.91951804249703, -11.97, -13.36, 3424, 3538, -0.176, -2.156,-0.494,0.220, 2641.451375515888, 2600.754019357074, -13.796796759881556, -13.796796759881556, 0.1568358597429648, 0.1532779974382173, 247.276,0.000,0.000,0.000,0.000,2.853,25.570,-120.000
21.854314, 288311, 286494, 250.76342430876701, 249.18305747583656, -11.97, -13.36, 3300, 3410, -0.176, -2.170,-0.491,0.176, 2516.0811766289708, 2474.2261956556076, -13.796796759881556, -13.796796759881556, 0.15122349387885645, 0.14784369309367618, 247.527,0.000,0.000,0.000,0.000,2.863,24.361,-120.000
21.864269, 288599, 286783, 251.0139172355056, 249.43442016968186, -11.97, -13.36, 3148, 3252, -0.132, -2.197,-0.490,0.176, 2388.9239929947666, 2349.2020279796698, -13.796796759881556, -13.796796759881556, 0.14322447783027176, 0.14265169839864952, 247.764,0.000,0.000,0.000,0.000,2.873,23.164,-120.000
21.874291, 288874, 287063, 251.25310318985666, 249.6779549595666, -11.97, -13.36, 2976, 3066, -0.088, -2.212,-0.488,0.132, 2258.9346556776163, 2218.5713222442214, -13.796796759881556, -13.796796759881556, 0.13861309541575664, 0.13575695482934128, 248.000,0.000,0.000,0.000,0.000,2.883,21.910,-120.000
21.884371, 289131, 287337, 251.47663333628657, 249.91627114681094, -11.97, -13.36, 2860, 2916, -0.088, -2.229,-0.486,0.088, 2127.198644408697, 2086.5292677617094, -13.796796759881554, -13.796796759881554, 0.13213454152830564, 0.12952530239693436, 248.225,0.000,0.000,0.000,0.000,2.894,20.638,-120.000
21.894263, 289361, 287587, 251.67667977083474, 250.13371292349373, -13.85, -16.44, 2716, 2802, -0.088, -2.263,-0.486,0.088, 2002.2081528822687, 1963.880727407026, -13.796796759881554, -13.796796759881554, 0.12433166446547288, 0.12404631000002701, 248.422,0.000,0.000,0.000,0.000,2.904,19.463,-120.000
21.90427, 289585, 287824, 251.87150760274253, 250.33984772778902, -13.85, -16.44, 2560, 2672, -0.088, -2.279,-0.485,0.088, 1874.3570090082999, 1838.4690942573586, -13.796796759881554, -13.796796759881554, 0.11889624540273562, 0.11874922093661115, 248.614,0.000,0.000,0.000,0.000,2.914,18.237,-120.000
21.914308, 289820, 288047, 252.07590287282434, 250.53380579259007, -13.85, -16.44, 2448, 2538, -0.044, -2.320,-0.485,0.088, 1759.025955231437, 1725.2879580213007, -13.796796759881554, -13.796796759881554, 0.1124532177503214, 0.11242800919534186, 248.774,0.000,0.000,0.000,0.000,2.923,17.154,-120.000
21.924296, 290037, 288259, 252.264642334985, 250.71819641921707, -13.85, -16.44, 2330, 2402, -0.044, -2.351,-0.483,0.044, 1631.5874600137913, 1598.2037432488328, -13.796796759881554, -13.796796759881554, 0.10770813022536596, 0.10604271988751274, 248.943,0.000,0.000,0.000,0.000,2.933,15.929,-120.000
21.934329, 290308, 288463, 252.50034922090916, 250.89562890899023, -13.85, -16.44, 2352, 2262, -0.044, -2.388,-0.483,0.044, 1508.6208784036671, 1477.6963006011651, -13.796796759881554, -13.796796759881554, 0.1007539350172072, 0.10100713530001533, 249.092,0.000,0.000,0.000,0.000,2.943,14.759,-120.000
21.944295, 290592, 288675, 252.7473630792208, 251.08001953561723, -8.620000000000001, -13.11, 2456, 2180, -0.044, -2.427,-0.483,0.044, 1359.0771824946155, 1331.1646215472538, -13.796796759881554, -13.796796759881554, 0.09378111924628107, 0.09420845850337989, 249.260,0.000,0.000,0.000,0.000,2.955,13.326,-120.000
21.954347, 290860, 288896, 252.98046066382474, 251.2722380662048, -8.620000000000001, -13.11, 2552, 2144, -0.044, -2.540,-0.483,0.044, 1253.766459554964, 1227.8541639465436, -13.796796759881554, -13.796796759881554, 0.08636409953821012, 0.0869067876586691, 249.362,0.000,0.000,0.000,0.000,2.963,12.373,-120.000
21.964296, 290996, 289110, 253.09874899034017, 251.45836822704527, -8.620000000000001, -13.11, 2364, 2126, -0.044, -2.625,-0.483,0.044, 1115.2867591333104, 1092.1298877479583, -13.796796759881554, -13.796796759881554, 0.08149513776272833, 0.08219744144551426, 249.490,0.000,0.000,0.000,0.000,2.974,11.060,-120.000
21.97431, 291098, 289324, 253.18746523522674, 251.64449838788573, -8.620000000000001, -13.11, 2142, 2126, -0.044, -2.645,-0.483,0.044, 959.4918086832218, 939.5504937389369, -13.796796759881554, -13.796796759881554, 0.07533224064147566, 0.076220863183182, 249.622,0.000,0.000,0.000,0.000,2.986,9.526,-120.000
21.98434, 291255, 289497, 253.32401867098352, 251.79496809735022, -8.620000000000001, -13.11, 1912, 2088, -0.044, -2.713,-0.483,0.044, 863.3481430359141, 845.3369480240784, -13.796796759881554, -13.796796759881554, 0.06962097761158936, 0.07062121523965319, 249.691,0.000,0.000,0.000,0.000,2.994,8.605,-120.000
21.994214, 291436, 289612, 253.48144651730186, 251.8949913146243, 4.89, 1.59, 1698, 1892, -0.044, -2.784,-0.482,0.044, 751.8911540873805, 736.1427238971528, -13.796796759881554, -13.796796759881554, 0.06463817200023962, 0.06576973337117382, 249.764,0.000,0.000,0.000,0.000,3.003,7.525,-120.000
22.005856, 291537, 289732, 253.5692929950817, 251.99936336743204, 4.89, 1.59, 1624, 1672, -0.088, -2.838,-0.482,0.044, 619.5157659490135, 606.5009318894656, -13.796796759881554, -13.796796759881554, 0.05885020242553083, 0.06014053909373779, 249.839,0.000,0.000,0.000,0.000,3.014,6.219,-120.000
22.015034, 291754, 289900, 253.75803245724236, 252.14548424136288, 4.89, 1.59, 1520, 1586, -0.044, -2.872,-0.485,0.088, 484.87461628388957, 475.28850957845907, -13.796796759881554, -13.796796759881554, 0.05246448068998925, 0.05441169764281121, 249.901,0.000,0.000,0.000,0.000,3.025,4.880,-120.000
22.025906, 291832, 290023, 253.8258742915674, 252.2524655954908, 4.89, 1.59, 1482, 1416, -0.044, -3.000,-0.482,0.044, 371.980956783933, 364.09545696654095, -13.796796759881554, -13.796796759881554, 0.046887739157382834, 0.047926282531004887, 249.941,0.000,0.000,0.000,0.000,3.034,3.770,-120.000
22.035963, 291847, 290106, 253.83892079816837, 252.3246562653495, 4.89, 1.59, 1366, 1362, -0.044, -3.048,-0.482,0.044, 217.82831561016164, 213.19775441035614, -13.796796759881554, -13.796796759881554, 0.040156777069812154, 0.04193434645559204, 249.980,0.000,0.000,0.000,0.000,3.047,2.214,-120.000
22.050186, 292021, 290236, 253.9902602747396, 252.43772598922453, 9.540000000000001, 13.85, 978, 1182, -0.044, -3.071,-0.482,0.044, 33.979665777924815, 33.25639074568571, -13.796796759881554, -13.796796759881554, 0.0314489764184911, 0.03345428133463139, 250.000,0.000,0.000,0.000,0.000,3.063,0.346,-120.000
22.067379, 292209, 290434, 254.15377649080506, 252.6099398763573, 9.540000000000001, 13.85, 920, 900, -0.044, -3.071,-0.482,0.044, 0.0, 0.0, 0.0, 0.0, 0.0, 0.0, 250.000,0.000,0.000,0.000,0.000,3.066,0.000,-120.000
22.089798, 292257, 290443, 254.19552531192815, 252.61776778031788, 9.540000000000001, 13.85, 680, 562, 0.000, -3.071,-0.482,0.044, 0.0, 0.0, 0.0, 0.0, 0.0, 0.0, 250.000,0.000,0.000,0.000,0.000,3.066,0.000,-120.000
22.092693, 292257, 290443, 254.19552531192815, 252.61776778031788, 18.03, 16.490000000000002, 680, 562, 0.000, -3.071,-0.482,0.044, 0.0, 0.0, 0.0, 0.0, 0.0, 0.0, 250.000,0.000,0.000,0.000,0.000,3.066,0.000,-120.000
22.096324, 292259, 290467, 254.19726484614162, 252.63864219087944, 18.03, 16.490000000000002, 598, 514, 0.000, -3.071,-0.482,0.044, 0.0, 0.0, 0.0, 0.0, 0.0, 0.0, 250.000,0.000,0.000,0.000,0.000,3.066,0.000,-120.000
22.098913, 292259, 290467, 254.19726484614162, 252.63864219087944, 18.03, 16.490000000000002, 598, 514, 0.000, -3.071,-0.482,0.044, 0.0, 0.0, 0.0, 0.0, 0.0, 0.0, 250.000,0.000,0.000,0.000,0.000,3.066,0.000,-120.000
22.10587, 292309, 290504, 254.24075320147819, 252.6708235738285, 18.03, 16.490000000000002, 416, 494, 0.044, -3.071,-0.482,0.044, 0.0, 0.0, 0.0, 0.0, 0.0, 0.0, 250.000,0.000,0.000,0.000,0.000,3.066,0.000,-120.000
22.114627, 292398, 290546, 254.31816247397725, 252.7073537923112, 18.03, 16.490000000000002, 380, 314, 0.044, -3.071,-0.482,0.044, 0.0, 0.0, 0.0, 0.0, 0.0, 0.0, 250.000,0.000,0.000,0.000,0.000,3.066,0.000,-120.000
22.134219, 292453, 290663, 254.36599966484746, 252.80911654379875, 18.03, 16.490000000000002, 388, 426, 0.000, -3.071,-0.482,0.044, 0.0, 0.0, 0.0, 0.0, 0.0, 0.0, 250.000,0.000,0.000,0.000,0.000,3.066,0.000,-120.000
22.168455, 292509, 290700, 254.4147066228244, 252.8412979267478, 12.47, 12.31, 170, 268, 0.044, -3.071,-0.482,0.044, 0.0, 0.0, 0.0, 0.0, 0.0, 0.0, 250.000,0.000,0.000,0.000,0.000,3.066,0.000,-120.000
22.175059, 292515, 290700, 254.4199252254648, 252.8412979267478, 12.47, 12.31, 104, 192, 0.044, -3.071,-0.482,0.044, 0.0, 0.0, 0.0, 0.0, 0.0, 0.0, 250.000,0.000,0.000,0.000,0.000,3.066,0.000,-120.000
22.179292, 292515, 290700, 254.4199252254648, 252.8412979267478, 12.47, 12.31, 104, 192, 0.044, -3.071,-0.482,0.044, 0.0, 0.0, 0.0, 0.0, 0.0, 0.0, 250.000,0.000,0.000,0.000,0.000,3.066,0.000,-120.000
22.185188, 292522, 290695, 254.4260135952119, 252.83694909121417, 12.47, 12.31, 136, 74, 0.044, -3.071,-0.482,0.044, 0.0, 0.0, 0.0, 0.0, 0.0, 0.0, 250.000,0.000,0.000,0.000,0.000,3.066,0.000,-120.000
22.187869, 292522, 290695, 254.4260135952119, 252.83694909121417, 12.47, 12.31, 136, 74, 0.044, -3.071,-0.482,0.044, 0.0, 0.0, 0.0, 0.0, 0.0, 0.0, 250.000,0.000,0.000,0.000,0.000,3.066,0.000,-120.000
22.191063, 292522, 290702, 254.4260135952119, 252.84303746096128, 1.04, 12.31, 118, 60, 0.044, -3.071,-0.482,0.044, 0.0, 0.0, 0.0, 0.0, 0.0, 0.0, 250.000,0.000,0.000,0.000,0.000,3.066,0.000,-120.000
22.197037, 292522, 290712, 254.4260135952119, 252.8517351320286, 1.04, 2.97, 128, 88, 0.088, -3.071,-0.482,0.044, 0.0, 0.0, 0.0, 0.0, 0.0, 0.0, 250.000,0.000,0.000,0.000,0.000,3.066,0.000,-120.000
22.211211, 292518, 290714, 254.422534526785, 252.85347466624208, 1.04, 2.97, 72, 38, 0.088, -3.071,-0.482,0.044, 0.0, 0.0, 0.0, 0.0, 0.0, 0.0, 250.000,0.000,0.000,0.000,0.000,3.066,0.000,-120.000
22.214231, 292518, 290714, 254.422534526785, 252.85347466624208, 1.04, 2.97, 72, 38, 0.088, -3.071,-0.482,0.044, 0.0, 0.0, 0.0, 0.0, 0.0, 0.0, 250.000,0.000,0.000,0.000,0.000,3.066,0.000,-120.000
22.224342, 292520, 290715, 254.42427406099847, 252.8543444333488, 1.04, 2.97, 10, 30, 0.088, -3.071,-0.482,0.044, 0.0, 0.0, 0.0, 0.0, 0.0, 0.0, 250.000,0.000,0.000,0.000,0.000,3.066,0.000,-120.000
22.234294, 292520, 290714, 254.42427406099847, 252.85347466624208, 1.04, 2.97, -2, 38, 0.088, -3.071,-0.482,0.044, 0.0, 0.0, 0.0, 0.0, 0.0, 0.0, 250.000,0.000,0.000,0.000,0.000,3.066,0.000,-120.000
22.244529, 292518, 290714, 254.422534526785, 252.85347466624208, 0.0, 0.0, -6, 12, 0.088, -3.071,-0.482,0.044, 0.0, 0.0, 0.0, 0.0, 0.0, 0.0, 250.000,0.000,0.000,0.000,0.000,3.066,0.000,-120.000
22.254488, 292515, 290714, 254.4199252254648, 252.85347466624208, 0.0, 0.0, -10, 4, 0.088, -3.071,-0.482,0.044, 0.0, 0.0, 0.0, 0.0, 0.0, 0.0, 250.000,0.000,0.000,0.000,0.000,3.066,0.000,-120.000
22.264323, 292512, 290714, 254.4173159241446, 252.85347466624208, 0.0, 0.0, -10, -2, 0.088, -3.071,-0.482,0.044, 0.0, 0.0, 0.0, 0.0, 0.0, 0.0, 250.000,0.000,0.000,0.000,0.000,3.066,0.000,-120.000
22.274283, 292510, 290714, 254.41557638993112, 252.85347466624208, 0.0, 0.0, -14, -2, 0.088, -3.071,-0.482,0.044, 0.0, 0.0, 0.0, 0.0, 0.0, 0.0, 250.000,0.000,0.000,0.000,0.000,3.066,0.000,-120.000
22.28436, 292504, 290714, 254.41035778729074, 252.85347466624208, 0.0, 0.0, -32, 0, 0.088, -3.071,-0.482,0.044, 0.0, 0.0, 0.0, 0.0, 0.0, 0.0, 250.000,0.000,0.000,0.000,0.000,3.066,0.000,-120.000
22.294261, 292502, 290714, 254.40861825307726, 252.85347466624208, 0.0, 0.0, -32, 0, 0.088, -3.071,-0.482,0.044, 0.0, 0.0, 0.0, 0.0, 0.0, 0.0, 250.000,0.000,0.000,0.000,0.000,3.066,0.000,-120.000
22.304286, 292502, 290714, 254.40861825307726, 252.85347466624208, 0.0, 0.0, -26, 0, 0.088, -3.071,-0.482,0.044, 0.0, 0.0, 0.0, 0.0, 0.0, 0.0, 250.000,0.000,0.000,0.000,0.000,3.066,0.000,-120.000
22.314289, 292502, 290714, 254.40861825307726, 252.85347466624208, 0.0, 0.0, -20, 0, 0.044, -3.071,-0.482,0.044, 0.0, 0.0, 0.0, 0.0, 0.0, 0.0, 250.000,0.000,0.000,0.000,0.000,3.066,0.000,-120.000
22.324287, 292502, 290714, 254.40861825307726, 252.85347466624208, 0.0, 0.0, -12, 0, 0.044, -3.071,-0.482,0.044, 0.0, 0.0, 0.0, 0.0, 0.0, 0.0, 250.000,0.000,0.000,0.000,0.000,3.066,0.000,-120.000
22.334361, 292502, 290714, 254.40861825307726, 252.85347466624208, 0.0, 0.0, -4, 0, 0.044, -3.071,-0.482,0.044, 0.0, 0.0, 0.0, 0.0, 0.0, 0.0, 250.000,0.000,0.000,0.000,0.000,3.066,0.000,-120.000
22.344244, 292502, 290714, 254.40861825307726, 252.85347466624208, 0.0, 0.0, -2, 0, 0.044, -3.071,-0.482,0.044, 0.0, 0.0, 0.0, 0.0, 0.0, 0.0, 250.000,0.000,0.000,0.000,0.000,3.066,0.000,-120.000
22.354403, 292502, 290714, 254.40861825307726, 252.85347466624208, 0.0, 0.0, 0, 0, 0.044, -3.071,-0.482,0.044, 0.0, 0.0, 0.0, 0.0, 0.0, 0.0, 250.000,0.000,0.000,0.000,0.000,3.066,0.000,-120.000
